Sample_ID,ChimpName,ChimpNumber,Age,Age_Group,Community,Sex,Month,Day,Year,YearQuarter,Y16_solo_sample,Y18_solo_sample,Yrchange,Yrchange_age_transition,Yrchange_days,Mother_offspring,Mother_offspring_pair,Copies_16S_per_g_feces,Shannon_index,OTU_richness,Weaned,Sequencing_run
CA001,OT,29,17.4,adult,Kanyawara,F,7,6,15,15Q3,,,,,,m,7,6.43E+10,4.408666898,491,y,1
CA003,PO,32,17.52,adult,Kanyawara,F,9,4,15,15Q4,,,Y,,,,,1.40E+09,4.181199386,629,y,1
CA005,BL,7,55.36,past_prime_adult,Kanyawara,F,10,27,15,15Q4,,,,,,,,7.98E+09,4.23859921,799,y,1
CA006,ML,18,19.71,adult,Kanyawara,F,9,29,15,15Q4,,,Y,,,m,5,1.63E+10,4.256096184,634,y,1
CA007,NP,22,15.61,adult,Kanyawara,F,9,16,15,15Q4,,,Y,,,,,2.24E+10,3.823556948,455,y,1
CA008,QT,34,23.38,adult,Kanyawara,F,10,31,15,15Q4,,,Y,,,,,2.25E+10,3.990385489,522,y,1
CA009,TG,36,35.48,past_prime_adult,Kanyawara,F,10,31,15,15Q4,,,,,,,,1.67E+10,4.213671017,650,y,1
CA010,DL,11,14.05,adolescent,Kanyawara,F,1,23,17,17Q1,,,,,,,,1.15E+10,4.254471279,457,y,1
CA011,PO,32,18.9,adult,Kanyawara,F,1,22,17,17Q1,,,Y,,506,,,8.16E+09,4.178148033,458,y,1
CA012,TG,36,36.69,past_prime_adult,Kanyawara,F,1,15,17,17Q1,,,,,,,,1.23E+10,4.286635142,550,y,1
CA013,UM,41,34.05,adult,Kanyawara,F,1,9,17,17Q1,,,,,,,,7.62E+09,4.151594918,580,y,1
CA015,AL,2,34.63,adult,Kanyawara,F,12,1,15,15Q4,,,,,,m,3,6.19E+09,3.546333989,201,y,1
CA016,AL,2,34.75,adult,Kanyawara,F,1,15,16,16Q1,,,,,,,,5.10E+10,4.048974189,450,y,1
CA017,GG,13,13.41,adolescent,Kanyawara,F,11,26,15,15Q4,,,,,,,,1.29E+10,3.921783014,542,y,1
CA018,GG,13,13.56,adolescent,Kanyawara,F,1,19,16,16Q1,,,,,,,,1.73E+10,4.278026691,573,y,1
CA019,NP,22,15.92,adult,Kanyawara,F,1,8,16,16Q1,,,,,,m,6,5.66E+09,3.540851693,393,y,1
CA021,PO,32,17.86,adult,Kanyawara,F,1,8,16,16Q1,,,,,,,,1.02E+10,3.850421791,387,y,1
CA022,RD,35,19.93,adult,Kanyawara,F,9,16,15,15Q4,,,,,,,,2.72E+10,4.421313452,509,y,1
CA023,TG,36,35.68,past_prime_adult,Kanyawara,F,1,11,16,16Q1,,,,,,m,10,3.79E+10,4.026449606,444,y,1
CA024,UM,41,33.05,adult,Kanyawara,F,1,9,16,16Q1,,,,,,,,1.04E+10,4.02280334,448,y,1
CA025,WA,43,23.95,adult,Kanyawara,F,11,6,15,15Q4,,,,,,m,1,1.12E+10,4.064675011,467,y,1
CA026,WL,47,23.21,adult,Kanyawara,F,1,8,16,16Q1,,,,,,,,2.85E+10,4.134662031,430,y,1
CA027,AL,2,35.4,past_prime_adult,Kanyawara,F,9,7,16,16Q3,Y,,Y,,,m,3,2.94E+10,4.202469111,621,y,1
CA028,AL,2,35.61,past_prime_adult,Kanyawara,F,11,23,16,16Q4,,,,,,,,1.53E+10,4.017680087,453,y,1
CA029,BL,7,55.61,past_prime_adult,Kanyawara,F,1,26,16,16Q1,,,,,,,,2.34E+10,4.228272805,464,y,1
CA030,DL,11,13.57,adolescent,Kanyawara,F,7,31,16,16Q3,Y,,,,,,,2.31E+10,4.423020402,593,y,1
CA031,LN,17,20.69,adult,Kanyawara,F,4,20,16,16Q2,Y,,,,,m,4,2.84E+10,4.196539086,543,y,1
CA033,ML,18,20.82,adult,Kanyawara,F,11,7,16,16Q4,,,Y,,406,m,5,8.96E+09,4.286068464,537,y,1
CA034,ML,18,20.49,adult,Kanyawara,F,7,10,16,16Q3,Y,,,,,m,5,1.97E+10,3.945481142,632,y,1
CA035,NP,22,16.43,adult,Kanyawara,F,7,10,16,16Q3,Y,,,,,,,2.66E+10,3.458773513,409,y,1
CA036,NP,22,16.66,adult,Kanyawara,F,10,2,16,16Q4,,,Y,,383,m,6,3.43E+10,4.237921377,438,y,1
CA037,OT,29,18.26,adult,Kanyawara,F,5,15,16,16Q2,,,,,,m,7,9.78E+09,4.433830411,493,y,1
CA038,OU,30,36.29,past_prime_adult,Kanyawara,F,3,20,16,16Q1,,,,,,m,8,1.54E+10,4.23400241,415,y,1
CA039,PO,32,18.36,adult,Kanyawara,F,7,7,16,16Q3,Y,,,,,,,3.73E+10,3.743184746,451,y,1
CA040,QT,34,24.15,adult,Kanyawara,F,8,9,16,16Q3,Y,,,,,m,9,3.40E+09,4.221262812,612,y,1
CA041,RD,35,20.36,adult,Kanyawara,F,2,19,16,16Q1,,,,,,,,8.80E+09,4.063411354,409,y,1
CA042,RD,35,20.81,adult,Kanyawara,F,7,31,16,16Q3,Y,,Y,,380,,,2.14E+09,3.929677907,420,y,1
CA043,RD,35,21.01,adult,Kanyawara,F,10,15,16,16Q4,,,,,,,,1.85E+10,4.153775451,504,y,1
CA045,TG,36,36.4,past_prime_adult,Kanyawara,F,10,1,16,16Q4,Y,,Y,,445,m,10,8.85E+09,4.291725912,559,y,1
CA046,UM,41,33.28,adult,Kanyawara,F,4,5,16,16Q2,,,,,,,,3.54E+09,4.402293782,583,y,1
CA047,UM,41,33.84,adult,Kanyawara,F,10,26,16,16Q4,Y,,Y,,371,,,8.21E+09,3.632367944,546,y,1
CA048,WA,43,24.25,adult,Kanyawara,F,2,23,16,16Q1,,,,,,,,4.89E+09,4.102203323,593,y,1
CA049,WA,43,24.87,adult,Kanyawara,F,10,6,16,16Q4,Y,,Y,,455,m,1,5.24E+09,3.571778375,696,y,1
CA050,WL,47,23.73,adult,Kanyawara,F,7,14,16,16Q3,Y,,,,,m,2,4.78E+09,4.281509135,566,y,1
CA051,DL,11,14.25,adolescent,Kanyawara,F,4,4,17,17Q2,,,,,,,,8.42E+09,4.25864492,581,y,1
CA052,GG,13,14.41,adolescent,Kanyawara,F,11,24,16,16Q4,Y,,,,,,,5.52E+09,4.14140196,509,y,1
CA053,JU,14,13.47,adolescent,Kanyawara,F,4,2,17,17Q2,,,Y,,,,,1.53E+10,3.644800771,391,y,1
CA054,ML,18,21.16,adult,Kanyawara,F,3,12,17,17Q1,,,,,,,,1.03E+10,3.716229493,428,y,1
CA055,NP,22,17.1,adult,Kanyawara,F,3,11,17,17Q1,,,,,,,,1.70E+10,4.355335696,442,y,1
CA056,NP,22,17.16,adult,Kanyawara,F,4,3,17,17Q2,,,,,,,,1.97E+10,4.171770275,469,y,1
CA057,OT,29,18.82,adult,Kanyawara,F,12,6,16,16Q4,,,Y,,418,,,5.14E+10,3.96164987,472,y,1
CA058,OT,29,19.11,adult,Kanyawara,F,3,21,17,17Q1,,,,,,,,6.99E+09,4.167337241,445,y,1
CA059,OT,29,19.15,adult,Kanyawara,F,4,3,17,17Q2,,,,,,,,9.79E+09,4.386005026,437,y,1
CA060,OU,30,37.04,past_prime_adult,Kanyawara,F,12,19,16,16Q4,Y,,,,,,,3.38E+10,4.295912954,535,y,1
CA061,OU,30,37.29,past_prime_adult,Kanyawara,F,3,21,17,17Q1,,,,,,,,4.93E+09,2.551685522,325,y,1
CA062,OU,30,37.33,past_prime_adult,Kanyawara,F,4,3,17,17Q2,,,Y,,324,,,2.55E+10,4.428350733,533,y,1
CA064,QT,34,24.64,adult,Kanyawara,F,2,4,17,17Q1,,,Y,,462,,,2.12E+10,4.355984103,639,y,1
CA065,WL,47,24.09,adult,Kanyawara,F,11,24,16,16Q4,,,Y,,498,m,2,1.06E+10,4.160591076,465,y,1
CA066,AL,2,36.03,past_prime_adult,Kanyawara,F,4,25,17,17Q2,,,,,,,,3.75E+10,3.865063092,435,y,1
CA067,FS,12,13.22,adolescent,Kanyawara,F,4,24,17,17Q2,,,Y,,,,,1.59E+10,3.655401389,437,y,1
CA068,GG,13,14.77,adolescent,Kanyawara,F,4,5,17,17Q2,,,Y,,636,,,2.10E+10,4.530850657,604,y,1
CA069,LN,17,21.65,adult,Kanyawara,F,4,6,17,17Q2,,,,,,m,4,4.15E+10,4.105442465,386,y,1
CA070,QT,34,24.81,adult,Kanyawara,F,4,4,17,17Q2,,,,,,,,2.53E+10,3.496206588,365,y,1
CA071,ML,18,21.36,adult,Kanyawara,F,5,23,17,17Q2,,,,,,,,2.61E+10,4.289810238,421,y,1
CA073,TG,36,37.08,past_prime_adult,Kanyawara,F,6,5,17,17Q2,,,,,,,,2.92E+10,3.954650113,432,y,1
CA074,UM,41,34.33,adult,Kanyawara,F,4,20,17,17Q2,,,,,,,,2.32E+10,3.76172663,579,y,1
CA075,WA,43,25.45,adult,Kanyawara,F,5,7,17,17Q2,,,,,,,,1.32E+10,4.336197625,564,y,1
CA076,WA,43,25.47,adult,Kanyawara,F,5,14,17,17Q2b,,,,,,,,2.40E+10,4.297302503,430,y,1
CA077,WL,47,24.46,adult,Kanyawara,F,4,6,17,17Q2,,,,,,,,1.11E+10,3.984774371,620,y,1
CA078,PB,31,22.25,adult,Kanyawara,M,4,18,17,17Q2,,,,,,,,3.85E+10,4.195138339,411,y,1
CA079,AL,2,35.72,past_prime_adult,Kanyawara,F,1,4,17,17Q1,,,,,,,,2.10E+10,3.99200311,420,y,1
CA080,RD,35,21.23,adult,Kanyawara,F,1,3,17,17Q1,,,,,,,,5.34E+09,3.958213135,484,y,1
CA081,WA,43,25.13,adult,Kanyawara,F,1,7,17,17Q1,,,,,,,,6.21E+08,3.8978236,436,y,1
CA082,Aretha,55,41.21,past_prime_adult,Ngogo,F,3,6,16,16Q1,,,,,,,,3.15E+10,4.082111327,388,,1
CA083,Cate,71,16.99,adult,Ngogo,F,2,29,16,16Q1,,,Y,,,,,1.09E+10,3.700921253,451,,1
CA084,Bronte,65,14.17,adolescent,Ngogo,F,2,29,16,16Q1,,,,,,,,5.95E+08,3.535085558,300,,1
CA085,Florence,80,17.06,adult,Ngogo,F,3,29,16,16Q1,,,,,,,,6.17E+09,4.297665193,373,,1
CA086,Khutulin,91,14.71,adolescent,Ngogo,F,2,28,16,16Q1b,,,,,,,,3.51E+10,3.869831371,385,,1
CA087,Khutulin,91,14.68,adolescent,Ngogo,F,2,17,16,16Q1,Y,,Y,,,,,3.27E+10,3.893785824,381,,1
CA088,Jackie,86,17.16,adult,Ngogo,F,2,26,16,16Q1,Y,,Y,,,,,5.25E+08,3.228972613,346,,1
CA089,Julianne,89,38.24,past_prime_adult,Ngogo,F,3,18,16,16Q1,,,Y,,,,,1.10E+10,4.266992315,430,,1
CA090,Kidman,92,39.22,past_prime_adult,Ngogo,F,3,13,16,16Q1,,,,,,,,5.81E+09,4.004151511,377,,1
CA091,Anna,54,16.31,adult,Ngogo,F,4,20,17,17Q2,,,,,,,,2.11E+10,4.100190996,370,,1
CA092,Anna,54,15.5,adult,Ngogo,F,6,27,16,16Q2,Y,,,,,,,26700000,4.033785142,510,,1
CA093,Cecilia,72,40.43,past_prime_adult,Ngogo,F,5,28,16,16Q2,,,,,,,,5.92E+09,4.185779232,494,,1
CA094,Anderson,53,42.38,past_prime_adult,Ngogo,F,5,8,16,16Q2,Y,,,,,,,8.08E+09,4.556483964,636,,1
CA096,Atwood,56,19.82,adult,Ngogo,F,4,24,16,16Q2,,,,,,,,1.66E+10,3.956942367,449,,1
CA097,Bronte,65,14.44,adolescent,Ngogo,F,6,8,16,16Q2,,,,,,,,1.69E+09,3.378204226,422,,1
CA098,Cate,71,17.25,adult,Ngogo,F,6,5,16,16Q2,Y,,,,,,,7.33E+09,4.390935448,529,,1
CA099,Carson,68,22.19,adult,Ngogo,F,6,7,16,16Q2,,,,,,,,1.70E+09,4.350872119,448,,1
CA100,Charlize,73,20.33,adult,Ngogo,F,4,24,16,16Q2,Y,,Y,,,,,5.41E+09,3.992394578,480,,1
CA102,Fleming,79,30.51,adult,Ngogo,F,6,27,16,16Q2,Y,,,,,,,7.96E+08,4.043865284,490,,1
CA103,Florence,80,17.09,adult,Ngogo,F,4,9,16,16Q2,,,,,,,,5.12E+09,4.182507354,392,,1
CA104,Garbo,81,60.33,past_prime_adult,Ngogo,F,4,14,16,16Q2,,,Y,,,,,6.93E+09,4.468954081,500,,1
CA105,Garbo,81,60.5,past_prime_adult,Ngogo,F,6,18,16,16Q2b,,,,,,,,1.54E+09,4.11921957,426,,1
CA106,Harper,83,64.3,past_prime_adult,Ngogo,F,4,5,16,16Q2,,,Y,,,,,8.29E+09,4.070613808,602,,1
CA107,Hester,84,14.54,adolescent,Ngogo,F,4,17,16,16Q2,,,,,,,,1.66E+09,4.073359011,353,,1
CA108,Ingrid,85,21.8,adult,Ngogo,F,4,18,16,16Q2,,,,,,,,5.38E+08,4.518179152,510,,1
CA109,Jolie,88,28.39,adult,Ngogo,F,5,17,16,16Q2,,,,,,,,3.40E+09,4.160947435,413,,1
CA110,Jolie,88,28.5,adult,Ngogo,F,6,26,16,16Q2b,,,,,,,,6.15E+09,3.523996355,415,,1
CA111,Julianne,89,38.45,past_prime_adult,Ngogo,F,6,5,16,16Q2,,,,,,,,6.06E+09,3.9093838,421,,1
CA112,Kidman,92,39.29,past_prime_adult,Ngogo,F,4,8,16,16Q2,,,Y,,,,,5.92E+09,4.337360734,466,,1
CA113,Kidman,92,39.52,past_prime_adult,Ngogo,F,6,28,16,16Q2b,,,,,,,,1.09E+09,4.104112164,494,,1
CA114,Leigh,93,15.45,adult,Ngogo,F,6,11,16,16Q2,,,,,,,,2.37E+08,3.559033049,378,,1
CA115,Lita,95,48.29,past_prime_adult,Ngogo,F,4,26,16,16Q2,,,,,,,,2.95E+09,4.383427662,560,,1
CA116,Lucia,96,32.7,adult,Ngogo,F,4,26,16,16Q2,,,,,,,,4.00E+09,4.095052816,492,,1
CA117,Lucy,97,20.14,adult,Ngogo,F,4,24,16,16Q2,,,,,,,,8.32E+08,4.440884855,461,,1
CA118,Marlene,98,66.31,past_prime_adult,Ngogo,F,4,8,16,16Q2,,,Y,,,,,3.18E+09,3.530061995,340,,1
CA119,Natalie,104,18.36,adult,Ngogo,F,5,9,16,16Q2,,,Y,,,,,7.49E+08,3.873528626,446,,1
CA120,Renee,108,24.32,adult,Ngogo,F,4,21,16,16Q2,,,,,,,,2.34E+09,4.295232237,489,,1
CA121,Rusalka,109,26.33,adult,Ngogo,F,4,23,16,16Q2,,,,,,,,3.57E+09,4.507165589,664,,1
CA122,Rusalka,109,26.45,adult,Ngogo,F,6,8,16,16Q2b,,,,,,,,1930000,4.055606902,488,,1
CA123,Shire,115,20.36,adult,Ngogo,F,5,5,16,16Q2,,,,,,,,4170000,4.494181726,743,,1
CA124,Sigourney,116,40.45,past_prime_adult,Ngogo,F,6,5,16,16Q2,Y,,Y,,,,,46500000,4.669568166,698,,1
CA127,Sutherland,119,53.38,past_prime_adult,Ngogo,F,5,5,16,16Q2,,,,,,,,5.79E+09,4.424990511,880,,1
CA128,Violetta,121,35.49,past_prime_adult,Ngogo,F,6,20,16,16Q2,,,,,,,,4.85E+09,4.241040953,497,,1
CA130,Aretha,55,41.67,past_prime_adult,Ngogo,F,8,22,16,16Q3,Y,,,,,,,5.44E+09,4.209967317,533,,1
CA131,Atwood,56,20.25,adult,Ngogo,F,9,27,16,16Q3,Y,,Y,,,,,4340000,4.3936862,597,,1
CA133,Bronte,65,14.74,adolescent,Ngogo,F,9,25,16,16Q3,Y,,Y,,,,,4.24E+09,3.880417744,517,,1
CA134,Carson,68,22.28,adult,Ngogo,F,7,10,16,16Q3,Y,,,,,,,1.02E+08,4.137719631,471,,1
CA139,Garbo,81,60.76,past_prime_adult,Ngogo,F,9,21,16,16Q3,Y,,,,,,,1.93E+10,4.435234628,551,,1
CA140,Hester,84,14.97,adolescent,Ngogo,F,9,19,16,16Q3,Y,,Y,,,,,2.66E+09,4.211459375,475,,1
CA141,Ingrid,85,22.1,adult,Ngogo,F,8,6,16,16Q3,Y,,,,,,,7.47E+09,4.219842608,584,,1
CA143,Julianne,89,38.64,past_prime_adult,Ngogo,F,8,13,16,16Q3,Y,,,,,,,1.86E+09,4.037725202,488,,1
CA145,Khutulin,91,15.06,adult,Ngogo,F,7,6,16,16Q3,,,,,,,,5.66E+10,4.000801492,424,,1
CA148,Lita,95,48.65,past_prime_adult,Ngogo,F,8,14,16,16Q3,Y,,,,,,,1.52E+10,4.128402598,562,,1
CA149,Lucy,97,20.52,adult,Ngogo,F,7,3,16,16Q3,Y,,Y,,,,,1.01E+09,3.572559109,440,,1
CA151,Marlene,98,66.73,past_prime_adult,Ngogo,F,9,6,16,16Q3,Y,,,,,,,2.58E+09,4.3069353,757,,1
CA153,Renee,108,24.55,adult,Ngogo,F,7,13,16,16Q3,Y,,Y,,,,,5060000,4.362047084,527,,1
CA154,Saben,111,19.12,adult,Ngogo,F,7,8,16,16Q3,Y,,,,,,,1.53E+10,4.029061058,487,,1
CA155,Shire,115,20.75,adult,Ngogo,F,9,27,16,16Q3,Y,,Y,,,,,61700000,4.15755388,523,,1
CA156,Sarah,113,39.66,past_prime_adult,Ngogo,F,8,19,16,16Q3,Y,,Y,,,,,2.05E+08,4.402412383,534,,1
CA157,Sills,117,50.56,past_prime_adult,Ngogo,F,7,11,16,16Q3,Y,,Y,,,,,1.55E+10,4.415639953,481,,1
CA158,Samantha,112,20.62,adult,Ngogo,F,8,8,16,16Q3,Y,,,,,,,1.34E+08,4.468365707,480,,1
CA159,Senta,114,34.55,adult,Ngogo,F,7,10,16,16Q3,Y,,,,,,,1.77E+08,3.772155824,443,,1
CA160,Taylor,120,25.3,adult,Ngogo,F,9,11,16,16Q3,Y,,,,,,,2.79E+10,4.435714689,524,,1
CA162,Penelope,105,25.54,adult,Ngogo,F,7,10,16,16Q3,Y,,,,,,,9.76E+08,4.300226663,509,,1
CA163,Cecilia,72,40.8,past_prime_adult,Ngogo,F,10,10,16,16Q4,Y,,,,,,,3.23E+08,4.02679165,453,,1
CA164,Aretha,55,41.96,past_prime_adult,Ngogo,F,12,5,16,16Q4,,,Y,,,,,2.47E+10,4.30748824,400,,1
CA165,Beecher,61,15.28,adult,Ngogo,F,10,8,16,16Q4,Y,,Y,,,,,5.83E+09,4.002872795,500,,1
CA166,Bronte,65,14.87,adolescent,Ngogo,F,9,11,16,16Q4,,,,,,,,4.52E+10,3.949018108,388,,1
CA169,Dahlia,75,22.44,adult,Ngogo,F,12,3,16,16Q4,Y,,Y,,,,,3.37E+08,3.92479828,412,,1
CA170,Florence,80,17.68,adult,Ngogo,F,11,10,16,16Q4,Y,,,,,,,1.01E+10,4.010800114,338,,1
CA172,Harper,83,64.89,past_prime_adult,Ngogo,F,11,5,16,16Q4,Y,,,,,,,6.54E+10,4.41424648,566,,1
CA173,Hester,84,15.18,adult,Ngogo,F,12,5,16,16Q4,,,,,,,,1.11E+11,4.023274485,357,,1
CA174,Ingrid,85,22.38,adult,Ngogo,F,11,14,16,16Q4,,,Y,,,,,1.11E+10,3.824498032,314,,1
CA175,Jolie,88,28.8,adult,Ngogo,F,10,13,16,16Q4,Y,,,,,,,2.94E+10,4.369959401,533,,1
CA176,Kidman,92,39.79,past_prime_adult,Ngogo,F,10,5,16,16Q4,,,,,,,,1.58E+09,4.732630509,537,,1
CA177,Khutulin,91,15.38,adult,Ngogo,F,10,28,16,16Q4,,,,,,,,7.48E+08,4.158967353,425,,1
CA178,Kanawa,90,46.79,past_prime_adult,Ngogo,F,10,6,16,16Q4,Y,,,,,,,2.69E+10,4.34039682,448,,1
CA179,Leigh,93,15.89,adult,Ngogo,F,11,17,16,16Q4,Y,,,,,,,1.92E+09,4.267825832,422,,1
CA181,Lucia,96,32.88,adult,Ngogo,F,11,8,16,16Q4,Y,,,,,,,5.31E+10,4.361539712,451,,1
CA182,Merrill,100,49.86,past_prime_adult,Ngogo,F,10,29,16,16Q4,Y,,,,,,,2.38E+10,4.323867501,448,,1
CA183,Binoche,62,24.79,adult,Ngogo,F,10,10,16,16Q4,Y,,,,,,,3.54E+09,4.231932556,414,,1
CA184,Natalie,104,18.96,adult,Ngogo,F,12,14,16,16Q4,Y,,,,,,,4.42E+09,3.916453189,345,,1
CA185,Marlene,98,66.92,past_prime_adult,Ngogo,F,11,14,16,16Q4,,,,,,,,6.44E+09,3.054588971,206,,1
CA186,Halle,82,30.2,adult,Ngogo,F,2,22,17,17Q1,,,,,,,,6.92E+08,3.802791999,453,,2
CA187,Quintone,107,22.49,adult,Ngogo,F,11,7,16,16Q4,Y,,,,,,,4.40E+10,4.23633322,421,,1
CA188,Renee,108,24.95,adult,Ngogo,F,12,8,16,16Q4,,,,,,,,5.91E+09,3.730321536,647,,1
CA189,Rusalka,109,26.8,adult,Ngogo,F,10,13,16,16Q4,Y,,Y,,,,,3.09E+09,3.85799317,349,,1
CA190,Ruth,110,14.6,adolescent,Ngogo,F,10,12,16,16Q4,Y,,Y,,,,,1.04E+10,4.48629155,395,,1
CA190003,BILLYBRAGG,131,13.59,adolescent,Ngogo,M,8,3,18,18Q3,,Y,,,,,,3.06E+08,4.237655369,597,,3
CA190004,SHIRE,115,22.54,adult,Ngogo,F,7,12,18,18Q3,,Y,Y,,653,,,2.95E+08,4.117723867,617,,3
CA190006,BUCKNER,132,18.62,adult,Ngogo,M,8,12,18,18Q3,,Y,,,,,,7.67E+08,4.299423981,590,,3
CA190008,ZAWINUL,180,7.79,juvenile,Ngogo,M,9,23,18,18Q3,,Y,,,,,,3.40E+08,3.881442048,461,,3
CA190011,RICHBERGL,169,7.66,juvenile,Ngogo,M,8,3,18,18Q3,,Y,,,,,,8.86E+08,4.297568645,475,,3
CA190016,SALOMEN,172,6.31,juvenile,Ngogo,F,9,22,18,18Q3,,Y,,,,,,6.62E+08,4.303392249,505,,3
CA190018,RUTH,110,16.55,adult,Ngogo,F,9,23,18,18Q3,,Y,Y,Y,711,,,6.25E+08,4.043993667,518,,3
CA190019,WILSON,123,18.6,adult,Ngogo,M,7,2,18,18Q3,,Y,Y,,790,,,1.21E+09,4.397363477,505,,3
CA190020,AMINA,125,6.56,juvenile,Ngogo,F,7,10,18,18Q3,,Y,,,,,,1.36E+09,4.030082855,591,,3
CA190021,HUTCHERSON,149,24.55,adult,Ngogo,M,7,15,18,18Q3,,Y,,,,,,7.38E+08,4.256338241,678,,3
CA190022,ABRAMS,51,18.69,adult,Ngogo,M,8,4,18,18Q3,,Y,,,,,,1.15E+09,3.708709433,500,,3
CA190024,YOYO,179,12.64,adolescent,Ngogo,M,8,20,18,18Q3,,Y,,,,,,8.49E+08,3.996470306,564,,3
CA190027,Sarah,113,41.73,past_prime_adult,Ngogo,F,9,22,18,18Q3,,Y,Y,,764,,,1.73E+09,4.341695468,573,,3
CA190028,MILES,155,37.52,past_prime_adult,Ngogo,M,7,2,18,18Q3,,Y,,,,,,1.28E+09,3.936621243,509,,3
CA190029,JOYA,151,6.89,juvenile,Ngogo,F,7,5,18,18Q3,,Y,,,,,,1.59E+09,4.459607521,742,,3
CA190036,Rusalka,109,28.64,adult,Ngogo,F,8,17,18,18Q3,,Y,,,,,,2.68E+09,3.808600046,446,,3
CA190042,Lucy,97,22.66,adult,Ngogo,F,9,6,18,18Q3,,,,,,,,1.44E+09,4.443250389,1049,,3
CA190045,BOOKER,63,16.45,adult,Ngogo,M,9,24,18,18Q3,,Y,,,,,,2.63E+09,4.222307191,581,,3
CA190046,CARTER,69,28.51,adult,Ngogo,M,7,2,18,18Q3,,Y,Y,,494,,,,4.080528427,589,,3
CA190054,DAMIEN,134,12.21,adolescent,Ngogo,M,9,14,18,18Q3,,Y,,,,,,,4.51970749,606,,3
CA190055,NELSON,159,11.53,adolescent,Ngogo,M,7,10,18,18Q3,,Y,,,,,,1.57E+09,4.415401741,634,,3
CA190057,Amelia,52,23.86,adult,Ngogo,F,7,28,18,18Q3,,Y,,,,,,2.41E+09,4.165388486,564,,3
CA190064,CARTER,69,28.54,adult,Ngogo,M,7,10,18,18Q3,,,,,,,,2.86E+09,4.033924191,557,,3
CA190066,RENATA,168,14.43,adolescent,Ngogo,F,8,3,18,18Q3,,Y,,,,,,3.35E+09,4.150755074,581,,3
CA190069,MORTON,102,34.72,adult,Ngogo,M,9,10,18,18Q3,,Y,,,,,,2.12E+09,4.288068962,521,,3
CA190070,Renee,108,26.69,adult,Ngogo,F,9,12,18,18Q3,,Y,Y,,791,,,1.68E+09,4.103605427,553,,3
CA190071,BACALL,128,26.47,adult,Ngogo,F,9,14,18,18Q3,,Y,,,,,,2.95E+09,4.283404049,548,,3
CA190075,FISHER,139,14.58,adolescent,Ngogo,F,7,22,18,18Q3,,Y,,,,,,2.66E+09,4.339362098,636,,3
CA190076,EVANS,76,22.75,adult,Ngogo,M,9,24,18,18Q3,,Y,Y,,814,,,1.59E+09,4.201368966,527,,3
CA190078,MORTON,102,34.8,adult,Ngogo,M,10,10,18,18Q3,,,Y,,737,,,4.73E+09,3.762096004,453,,3
CA190079,ELTON,138,13.83,adolescent,Ngogo,M,10,29,18,18Q4,,Y,,,,,,3.23E+09,4.02113652,596,,3
CA190080,Penelope,105,27.87,adult,Ngogo,F,11,2,18,18Q4,,Y,Y,,743,,,5.18E+09,4.245789681,549,,3
CA190081,BROWNFACE,66,52.96,past_prime_adult,Ngogo,M,12,6,18,18Q4,,Y,Y,,796,,,2.35E+09,4.027136656,729,,3
CA190082,Hester,84,17.01,adult,Ngogo,F,10,3,18,18Q3,,Y,Y,Y,744,,,2.32E+09,4.311036083,590,,3
CA190083,Garbo,81,62.81,past_prime_adult,Ngogo,F,10,6,18,18Q3,,Y,,,,,,2.11E+09,4.170033314,819,,3
CA190085,CASH,70,25.83,adult,Ngogo,M,10,23,18,18Q4,,Y,Y,,822,,,6.89E+09,4.078221193,517,,3
CA190086,Charlize,73,22.87,adult,Ngogo,F,11,6,18,18Q4,,Y,Y,,926,,,1.59E+09,4.318038236,664,,3
CA190087,WAYNE,177,22.87,adult,Ngogo,M,11,7,18,18Q4,,Y,,,,,,3.95E+09,4.214723794,651,,3
CA190088,Maya,99,22.93,adult,Ngogo,F,12,10,18,18Q4,,Y,Y,,594,,,4.85E+09,3.77458418,531,,3
CA190089,Ingrid,85,24.45,adult,Ngogo,F,12,14,18,18Q4,,Y,Y,,760,,,6.22E+09,3.871685974,376,,3
CA190090,BOOKER,63,16.47,adult,Ngogo,M,10,2,18,18Q3,,,,,,,,2.95E+09,4.124208948,470,,3
CA190092,CARTER,69,28.77,adult,Ngogo,M,10,4,18,18Q3,,,,,,,,1.67E+10,4.028578307,582,,3
CA190093,FREDDIE,141,10.44,adolescent,Ngogo,M,10,8,18,18Q3,,Y,,,,,,6.29E+09,4.091534006,585,,3
CA190094,JACKSON,150,27.79,adult,Ngogo,M,10,10,18,18Q3,,Y,,,,,,8.59E+09,4.085898289,548,,3
CA190095,Violetta,121,37.76,past_prime_adult,Ngogo,F,10,12,18,18Q3,,Y,,,,,,5.71E+09,4.004061442,397,,3
CA190097,LOVANO,152,18.91,adult,Ngogo,M,10,25,18,18Q4,,Y,,,,,,9.92E+09,4.475694276,666,,3
CA190098,Bronte,65,16.72,adult,Ngogo,F,10,29,18,18Q4,,Y,Y,Y,779,,,9.85E+09,3.980581752,514,,3
CA190099,Bartoli,58,34.93,adult,Ngogo,F,11,19,18,18Q4,,Y,Y,,633,,,3.86E+09,3.629069861,405,,3
CA190100,HOLLAND,148,8.25,juvenile,Ngogo,M,10,18,18,18Q4,,Y,,,,,,1.06E+10,4.278964274,617,,3
CA190102,MILIAH,156,14.15,adult,Ngogo,F,10,22,18,18Q4,,Y,,,,,,3.37E+09,3.988491313,427,,3
CA190103,FLECK,140,12.4,adolescent,Ngogo,M,10,23,18,18Q4,,Y,,,,,,1.19E+10,3.991552844,360,,3
CA190105,GUS,145,11.78,adolescent,Ngogo,M,11,10,18,18Q4,,Y,,,,,,4.91E+09,4.131915097,562,,3
CA190106,PIZAN,106,24.89,adult,Ngogo,F,11,17,18,18Q4,,Y,Y,,658,,,6.41E+09,4.246662844,499,,3
CA190107,DJANGO,136,21.94,adult,Ngogo,M,12,6,18,18Q4,,,,,,,,5.49E+09,4.28178724,502,,3
CA190108,Rusalka,109,28.96,adult,Ngogo,F,12,12,18,18Q4,,,Y,,790,,,1.36E+10,3.60646096,461,,3
CA190109,ABRAMS,51,18.85,adult,Ngogo,M,10,2,18,18Q3,,,Y,,720,,,6.15E+09,3.815685456,543,,3
CA190110,DEXTER,135,33.8,past_prime_adult,Ngogo,M,10,12,18,18Q3,,Y,,,,,,5.60E+09,4.128856011,568,,3
CA190111,ELLEN,137,12.73,adolescent,Ngogo,F,10,22,18,18Q4,,Y,,,,,,1.64E+10,4.386403405,647,,3
CA190112,BILLYBRAGG,131,13.81,adolescent,Ngogo,M,10,22,18,18Q4,,,,,,,,5.60E+09,4.500464882,839,,3
CA190113,MULLIGAN,157,29.84,adult,Ngogo,M,10,26,18,18Q4,,Y,,,,,,1.63E+10,4.307300279,522,,3
CA190114,BILLYBRAGG,131,13.86,adolescent,Ngogo,M,11,8,18,18Q4,,,,,,,,8.44E+09,3.822204375,533,,3
CA190115,Bronte,65,16.76,adult,Ngogo,F,11,13,18,18Q4,,,,,,,,1.43E+10,4.069330737,429,,3
CA190116,Atwood,56,22.34,adult,Ngogo,F,11,13,18,18Q4,,Y,Y,,777,,,5.26E+09,3.829770509,549,,3
CA190117,Sigourney,116,42.98,past_prime_adult,Ngogo,F,12,4,18,18Q4,,Y,Y,,912,,,8.97E+09,4.130384008,470,,3
CA190118,MONK,101,46.79,past_prime_adult,Ngogo,M,10,4,18,18Q3,,Y,Y,,731,,,1.23E+10,4.115159993,495,,3
CA190119,BACH,129,9.85,juvenile,Ngogo,M,10,6,18,18Q3,,Y,,,,,,6.82E+09,3.962061856,500,,3
CA190122,Khutulin,91,17.4,adult,Ngogo,F,10,29,18,18Q4,,,Y,,985,,,1.24E+10,4.399516918,1126,,3
CA190123,MURRAY,158,13.98,adult,Ngogo,M,11,6,18,18Q4,,Y,,,,,,7.18E+09,4.033591345,501,,3
CA190124,DJANGO,136,21.87,adult,Ngogo,M,11,10,18,18Q4,,Y,,,,,,6.27E+09,4.172957096,544,,3
CA190125,Violetta,121,37.91,past_prime_adult,Ngogo,F,12,7,18,18Q4,,,Y,,751,,,9.47E+09,4.152846028,474,,3
CA190126,MILIAH,156,14.28,adult,Ngogo,F,12,11,18,18Q4,,,,,,,,8.96E+09,4.322976389,632,,3
CA190127,HADEN,146,19.76,adult,Ngogo,M,10,2,18,18Q3,,Y,,,,,,1.50E+10,3.89762075,455,,3
CA190128,Khutulin,91,17.32,adult,Ngogo,F,10,2,18,18Q3,,Y,,,,,,2.40E+10,3.925969674,503,,3
CA190129,Amelia,52,24.07,adult,Ngogo,F,10,12,18,18Q3,,,,,,,,9.34E+09,3.680967003,387,,3
CA190130,BUCKNER,132,18.81,adult,Ngogo,M,10,18,18,18Q4,,,,,,,,1.18E+10,4.362971002,584,,3
CA190131,ROLLINS,171,118.93,adult,Ngogo,M,11,5,18,18Q4,,Y,,,,,,1.16E+10,4.10459834,527,,3
CA190132,Lita,95,50.92,past_prime_adult,Ngogo,F,11,11,18,18Q4,,Y,Y,,671,,,8.72E+09,4.23863015,588,,3
CA190133,CASH,70,25.88,adult,Ngogo,M,11,12,18,18Q4,,,,,,,,2.35E+10,4.086974267,478,,3
CA190134,BARTOK,57,45.94,past_prime_adult,Ngogo,M,11,27,18,18Q4,,Y,Y,,782,,,1.82E+10,3.999024681,540,,3
CA190135,Aretha,55,43.91,past_prime_adult,Ngogo,F,12,3,18,18Q4,,Y,Y,,728,,,2.39E+10,4.037451728,408,,3
CA190138,CHRISTINE,133,18.63,adult,Ngogo,F,10,12,18,18Q3,,Y,,,,,,1.94E+10,4.035716645,404,,3
CA190139,PETERSON,164,23.8,adult,Ngogo,M,10,13,18,18Q3,,Y,,,,,,5.07E+10,4.101068506,516,,3
CA190140,RENATA,168,14.69,adolescent,Ngogo,F,11,5,18,18Q4,,,,,,,,1.20E+10,4.38881675,595,,3
CA190141,Carson,68,24.59,adult,Ngogo,F,11,6,18,18Q4,,Y,Y,,758,,,1.44E+10,4.295418426,535,,3
CA190142,BUCKNER,132,18.86,adult,Ngogo,M,11,7,18,18Q4,,,,,,,,3.33E+10,3.846285894,475,,3
CA190144,RICHMOND,170,31.96,adult,Ngogo,M,12,10,18,18Q4,,Y,,,,,,1.38E+10,3.836154812,612,,3
CA190145,GARRISON,144,41.79,past_prime_adult,Ngogo,M,10,8,18,18Q3,,Y,,,,,,3.11E+10,4.297790399,590,,3
CA190147,Leonora,94,41.79,past_prime_adult,Ngogo,F,10,19,18,18Q4,,Y,Y,,599,,,1.88E+10,3.756906028,539,,3
CA190148,Beecher,61,17.34,adult,Ngogo,F,10,21,18,18Q4,,,Y,,743,,,1.50E+10,4.436624507,1003,,3
CA190149,DAMIEN,134,12.36,adolescent,Ngogo,M,11,5,18,18Q4,,,,,,,,6.01E+10,4.074760431,586,,3
CA190150,Dahlia,75,24.37,adult,Ngogo,F,11,6,18,18Q4,,Y,Y,,703,,,5.18E+10,4.314785682,642,,3
CA190151,BOOKER,63,16.63,adult,Ngogo,M,11,28,18,18Q4,,,Y,Y,745,,,1.95E+10,4.16793947,588,,3
CA190152,Sarah,113,41.93,past_prime_adult,Ngogo,F,12,3,18,18Q4,,,,,,,,2.26E+10,4.035200763,473,,3
CA190153,GARRETT,143,29.96,adult,Ngogo,M,12,9,18,18Q4,,Y,,,,,,4.64E+10,3.864891818,330,,3
CA190154,BOSKO,64,15.77,adult,Ngogo,M,10,2,18,18Q3,,Y,Y,Y,947,,,7.63E+10,3.863429682,458,,3
CA190155,Kidman,92,41.76,past_prime_adult,Ngogo,F,10,7,18,18Q3,,Y,Y,,831,,,3.04E+10,4.20086994,474,,3
CA190156,Lucy,97,22.75,adult,Ngogo,F,10,10,18,18Q3,,,Y,,829,,,4.54E+10,3.954271623,380,,3
CA190157,BASIE,59,35.8,past_prime_adult,Ngogo,M,10,10,18,18Q3,,Y,,,,,,2.20E+10,4.003939946,459,,3
CA190158,WES,122,21.44,adult,Ngogo,M,11,5,18,18Q4,,Y,,,,,,7.39E+10,3.621317558,319,,3
CA190159,AVA,127,9.43,juvenile,Ngogo,F,11,12,18,18Q4,,Y,,,,,,4.38E+10,4.201370898,509,,3
CA190160,Fiona,77,21.91,adult,Ngogo,F,12,4,18,18Q4,,Y,,,,,,7.18E+10,4.252396819,504,,3
CA190161,BARRON,124,17.87,adult,Ngogo,M,12,8,18,18Q4,,Y,,,,,,5.04E+10,4.014931692,400,,3
CA190162,BROWNFACE,66,52.97,past_prime_adult,Ngogo,M,12,9,18,18Q4,,,,,,,,4.87E+10,3.989004683,398,,3
CA190163,BUCKNER,132,18.47,adult,Ngogo,M,6,16,18,18Q2,,,,,,,,2.26E+11,3.87600623,278,,3
CA190164,Halle,82,31.5,adult,Ngogo,F,6,17,18,18Q2,,Y,Y,,400,,,2.67E+11,4.126851127,430,,3
CA190165,Fiona,77,21.45,adult,Ngogo,F,6,20,18,18Q2,,,Y,,784,,,1.04E+11,4.475760022,546,,3
CA190166,FRIDA,142,9.39,juvenile,Ngogo,F,6,21,18,18Q2,,Y,,,,,,2.54E+11,3.508401021,734,,3
CA190167,JACKSON,150,27.49,adult,Ngogo,M,6,21,18,18Q2,,,,,,,,1.36E+11,3.710238428,426,,3
CA190168,CARTER,69,28.48,adult,Ngogo,M,6,21,18,18Q2,,,,,,,,1.49E+11,3.655047707,684,,3
CA190169,JOYA,151,6.87,juvenile,Ngogo,F,6,25,18,18Q2,,,,,,,,1.43E+11,4.36460711,586,,3
CA190171,Penelope,105,27.52,adult,Ngogo,F,6,28,18,18Q2,,,,,,,,1.60E+11,3.892744521,625,,3
CA190172,DAMIEN,134,11.97,adolescent,Ngogo,M,6,16,18,18Q2,,,,,,,,5.17E+11,4.200317407,557,,3
CA190173,WAYNE,177,22.48,adult,Ngogo,M,6,18,18,18Q2,,,,,,,,2.60E+11,4.439382665,717,,3
CA190174,RUTH,110,16.29,adult,Ngogo,F,6,21,18,18Q2,,,,,,,,6.83E+11,4.051370537,721,,3
CA190175,Violetta,121,37.45,past_prime_adult,Ngogo,F,6,21,18,18Q2,,,,,,,,6.17E+11,4.239636014,621,,3
CA190176,Lita,95,50.53,past_prime_adult,Ngogo,F,6,22,18,18Q2,,,,,,,,4.88E+11,4.335553112,610,,3
CA190177,Amelia,52,23.77,adult,Ngogo,F,6,22,18,18Q2,,,Y,,484,,,6.98E+11,4.141886378,485,,3
CA190179,SILLS,117,52.55,past_prime_adult,Ngogo,F,6,29,18,18Q2,,Y,Y,,718,,,3.17E+08,4.078636356,534,,3
CA190180,GUS,145,11.41,adolescent,Ngogo,M,6,29,18,18Q2,,,,,,,,1.13E+08,4.452147454,634,,3
CA190181,YOYO,179,12.46,adolescent,Ngogo,M,6,16,18,18Q2,,,,,,,,6.73E+08,4.408448451,532,,3
CA190182,BASIE,59,35.48,past_prime_adult,Ngogo,M,6,17,18,18Q2,,,Y,Y,796,,,8.44E+08,4.109669463,764,,3
CA190183,BROWNFACE,66,52.49,past_prime_adult,Ngogo,M,6,17,18,18Q2,,,,,,,,8.25E+08,3.754241121,419,,3
CA190184,MILES,155,37.49,past_prime_adult,Ngogo,M,6,20,18,18Q2,,,,,,,,1.30E+09,4.229370975,959,,3
CA190185,Garbo,81,62.52,past_prime_adult,Ngogo,F,6,23,18,18Q2,,,Y,,800,,,8.13E+09,4.668628229,653,,3
CA190186,Renee,108,26.46,adult,Ngogo,F,6,23,18,18Q2,,,,,,,,1.34E+11,4.205174429,582,,3
CA190187,WES,122,21.07,adult,Ngogo,M,6,23,18,18Q2,,,Y,,806,,,1.94E+10,4.083174843,464,,3
CA190188,BARRON,124,17.41,adult,Ngogo,M,6,24,18,18Q2,,,,,,,,3.80E+09,4.030839638,522,,3
CA190189,MORTON,102,34.5,adult,Ngogo,M,6,24,18,18Q2,,,,,,,,1.01E+10,4.342387969,580,,3
CA190190,BACH,129,9.55,juvenile,Ngogo,M,6,18,18,18Q2,,,,,,,,6.65E+10,3.980037711,555,,3
CA190191,GARRISON,144,41.49,past_prime_adult,Ngogo,M,6,18,18,18Q2,,,,,,,,,3.971205796,574,,3
CA190192,MORTON,102,34.49,adult,Ngogo,M,6,19,18,18Q2,,,,,,,,9.49E+09,4.332601287,636,,3
CA190193,BERYL,130,19.48,adult,Ngogo,F,6,19,18,18Q2,,Y,,,,,,1.58E+10,4.0075578,530,,3
CA190194,PORKPIE,166,24.48,adult,Ngogo,M,6,19,18,18Q2,,Y,,,,,,2.45E+09,4.308394295,607,,3
CA190195,EVANS,76,22.49,adult,Ngogo,M,6,20,18,18Q2,,,,,,,,6.45E+09,4.027704299,482,,3
CA190196,Callas,67,32.55,adult,Ngogo,F,6,21,18,18Q2,,Y,Y,,648,,,6.82E+10,4.431683837,575,,3
CA190197,SUSANNA,174,8.15,juvenile,Ngogo,F,6,22,18,18Q2,,Y,,,,,,4.49E+11,3.747356801,445,,3
CA190198,NATALIE,104,20.48,adult,Ngogo,F,6,22,18,18Q2,,,Y,,744,,,2.39E+09,4.680480728,1450,,3
CA190199,AT,4,18.69,adult,Kanyawara,M,7,6,18,18Q3,,Y,Y,,1096,,,4.68E+08,4.101763456,432,y,3
CA190201,WZ,49,6.18,juvenile,Kanyawara,M,7,24,18,18Q3,,Y,Y,Y,1088,,,7.78E+09,4.203365837,558,y,3
CA190202,PL,165,NA,infant,Kanyawara,,8,28,18,18Q3,,Y,,,,,,8.54E+09,4.329007519,476,n,3
CA190205,UT,176,2.7,infant,Kanyawara,F,9,7,18,18Q3,,Y,,,,,,2.94E+11,3.626206147,436,n,3
CA190206,RICHMOND,170,31.5,adult,Ngogo,M,6,23,18,18Q2,,,,,,,,5.64E+09,3.922594822,557,,3
CA190207,PETERSON,164,23.95,adult,Ngogo,M,12,8,18,18Q4,,,,,,,,1.24E+11,3.81709068,420,,3
CA190208,YB,50,45.03,past_prime_adult,Kanyawara,M,7,1,18,18Q3,,Y,Y,,1095,,,1.04E+08,4.355317987,778,n,3
CA190209,OG,25,17.26,adult,Kanyawara,M,7,6,18,18Q3,,Y,Y,Y,1065,,,6.23E+08,3.850162594,505,y,3
CA190210,LN,17,22.93,adult,Kanyawara,F,7,16,18,18Q3,,Y,,,,,,3.78E+08,4.11173066,678,y,3
CA190211,TT,40,17.73,adult,Kanyawara,M,7,22,18,18Q3,,Y,Y,Y,1116,,,41900000,4.454543985,492,y,3
CA190214,OTR,163,2.29,infant,Kanyawara,M,8,16,18,18Q3,,Y,,,,,,1.72E+11,4.438268413,804,n,3
CA190215,MC,154,2.18,infant,Kanyawara,M,9,5,18,18Q3,,Y,,,,,,8.78E+09,4.083783501,515,n,3
CA190216,ML,18,22.66,adult,Kanyawara,F,9,8,18,18Q3,,Y,,,,,,1.01E+11,3.939685913,473,y,3
CA190217,PL,165,NA,infant,Kanyawara,,6,28,18,18Q2,,,,,,,,74200000,4.350065395,534,n,3
CA190218,BB,6,52.03,past_prime_adult,Kanyawara,M,7,1,18,18Q3,,Y,,,,,,4240000,4.223478252,423,y,3
CA190219,WL,47,25.71,adult,Kanyawara,F,7,5,18,18Q3,,Y,Y,,1086,,,7.83E+09,4.123823535,456,y,3
CA190220,TG,36,38.16,past_prime_adult,Kanyawara,F,7,5,18,18Q3,,Y,Y,,1087,,,6100000,3.999539275,484,y,3
CA190221,LK,15,35.07,adult,Kanyawara,M,7,20,18,18Q3,,Y,Y,,1110,,,3.67E+09,4.357761194,528,y,3
CA190222,WA,43,26.66,adult,Kanyawara,F,7,24,18,18Q3,,Y,Y,,1049,,,4.86E+09,4.467442632,587,y,3
CA190224,PO,32,20.5,adult,Kanyawara,F,8,28,18,18Q3,,Y,,,,,,7.80E+09,4.209241911,568,y,3
CA190225,AE,1,4.56,infant,Kanyawara,F,9,13,18,18Q3,,Y,Y,Y,1140,,,1.24E+09,4.053883402,532,y,3
CA190226,AL,2,37.24,past_prime_adult,Kanyawara,F,7,10,18,18Q3,,Y,Y,,671,,,3.19E+09,4.18974175,577,y,3
CA190227,AN,3,9.2,juvenile,Kanyawara,F,7,10,18,18Q3,,Y,Y,,1089,,,8.58E+09,4.032082978,598,y,3
CA190228,QV,167,NA,adolescent,Kanyawara,,7,17,18,18Q3,,Y,,,,,,1.65E+10,3.378574871,465,y,3
CA190229,NT,23,3.83,infant,Kanyawara,F,7,21,18,18Q3,,Y,,,,,,1.17E+08,4.190556221,543,n,3
CA190230,BO,8,14.81,adolescent,Kanyawara,M,7,31,18,18Q3,,Y,Y,,732,,,12600000,3.908729486,477,y,3
CA190231,UM,41,35.62,adult,Kanyawara,F,8,5,18,18Q3,,Y,,,,,,2.01E+10,4.474421941,613,y,3
CA190233,OB,24,6.57,juvenile,Kanyawara,M,8,14,18,18Q3,,Y,Y,Y,1126,,,1.01E+10,4.159204812,459,n,3
CA190234,MM,19,6.64,juvenile,Kanyawara,F,9,8,18,18Q3,,Y,Y,Y,1110,,,2.18E+11,4.081232207,383,y,3
CA190235,PO,32,20.32,adult,Kanyawara,F,6,25,18,18Q2,,,Y,,1147,,,6.63E+09,4.220630898,572,y,3
CA190236,UM,41,35.52,adult,Kanyawara,F,6,27,18,18Q2,,,,,,,,3.46E+10,4.119664262,573,y,3
CA190237,TJ,37,22.9,adult,Kanyawara,M,7,2,18,18Q3,,Y,Y,,1096,,,3730000,3.162716866,389,y,3
CA190238,QT,34,26.09,adult,Kanyawara,F,7,17,18,18Q3,,Y,,,,,,67700000,4.104802284,411,y,3
CA190239,OL,26,9.4,juvenile,Kanyawara,F,7,22,18,18Q3,,Y,Y,,1103,,,8430000,4.390333879,596,y,3
CA190240,AO,126,1.96,under2,Kanyawara,M,7,22,18,18Q3,,Y,,,,,,2.46E+11,3.62420451,805,n,3
CA190241,WE,46,11.12,adolescent,Kanyawara,F,7,24,18,18Q3,,Y,Y,Y,1096,,,9.55E+08,4.538340435,544,y,3
CA190242,FS,12,14.57,adolescent,Kanyawara,F,8,28,18,18Q3,,Y,Y,,491,,,4.00E+09,4.046213006,487,y,3
CA190243,WO,48,3.6,infant,Kanyawara,F,9,15,18,18Q3,,Y,,,,,,1.01E+10,3.91364088,478,n,3
CA190244,WC,45,9.93,juvenile,Kanyawara,M,7,5,18,18Q3,,Y,Y,,1093,,,4.91E+10,4.073034963,460,y,3
CA190245,PB,31,23.47,adult,Kanyawara,M,7,6,18,18Q3,,Y,Y,,739,,,3.51E+09,4.458286986,582,y,3
CA190246,AZ,5,13.53,adolescent,Kanyawara,M,7,6,18,18Q3,,Y,Y,,1097,,,2.45E+10,4.356683672,521,y,3
CA190249,OT,29,20.51,adult,Kanyawara,F,8,14,18,18Q3,,Y,,,,,,1.77E+10,4.408210182,645,y,3
CA190251,UT,176,2.5,infant,Kanyawara,F,6,27,18,18Q2,,,,,,,,7.00E+09,4.99620292,1023,n,3
CA190253,OL,26,9.61,juvenile,Kanyawara,F,10,7,18,18Q4,,,,,,,,2.75E+10,4.077786472,544,y,3
CA190255,NP,22,18.72,adult,Kanyawara,F,10,23,18,18Q4,,Y,Y,,1134,,,1.47E+09,4.071019243,545,y,3
CA190256,PO,32,20.66,adult,Kanyawara,F,10,25,18,18Q4,,,,,,,,5.62E+09,4.034346707,417,y,3
CA190257,ML,18,22.79,adult,Kanyawara,F,10,28,18,18Q4,,,Y,,1126,,,8.67E+09,3.534272215,323,y,3
CA190258,BT,9,8.38,juvenile,Kanyawara,M,11,10,18,18Q4,,Y,Y,,1173,,,1.82E+10,4.429880956,574,y,3
CA190259,YB,50,45.4,past_prime_adult,Kanyawara,M,11,15,18,18Q4,,,,,,,,90500000,3.894103755,433,n,3
CA190260,LN,17,23.27,adult,Kanyawara,F,11,19,18,18Q4,,,Y,,1142,,,2.10E+09,3.722067691,389,y,3
CA190262,LK,15,35.29,adult,Kanyawara,M,10,6,18,18Q4,,,,,,,,4.95E+10,3.872876811,618,y,3
CA190264,WZ,49,6.43,juvenile,Kanyawara,M,10,23,18,18Q4,,,,,,,,1.89E+10,3.841664529,344,y,3
CA190266,MN,20,9.84,juvenile,Kanyawara,M,10,26,18,18Q4,,Y,Y,,1184,,,1.76E+09,4.180672881,538,y,3
CA190267,WO,48,3.71,infant,Kanyawara,F,10,27,18,18Q4,,,Y,Y,731,,,3.33E+10,3.468759092,380,n,3
CA190272,UM,41,35.83,adult,Kanyawara,F,10,21,18,18Q4,,,Y,,1096,,,6.79E+09,4.637674205,711,y,3
CA190273,MC,154,2.33,infant,Kanyawara,M,10,28,18,18Q4,,,,,,,,3.28E+09,3.959209345,567,n,3
CA190274,DL,11,15.83,adolescent,Kanyawara,F,11,1,18,18Q4,,Y,Y,,759,,,3.40E+09,4.439956029,533,y,3
CA190276,OM,27,13.4,adolescent,Kanyawara,F,11,14,18,18Q4,,Y,Y,,1227,,,1.10E+10,4.332029742,535,y,3
CA190278,LL,16,6.08,juvenile,Kanyawara,F,12,20,18,18Q4,,Y,Y,Y,782,,,3.91E+09,4.149350138,449,y,3
CA190279,JU,14,15.04,adolescent,Kanyawara,F,10,28,18,18Q4,,Y,Y,,574,,,2.49E+10,3.865418927,461,y,3
CA190281,NT,23,4.08,infant,Kanyawara,F,10,22,18,18Q4,,,Y,,749,,,5.29E+09,4.168874639,523,n,3
CA190282,QK,33,4.05,infant,Kanyawara,F,11,5,18,18Q4,,Y,Y,Y,841,,,7.59E+08,4.150153515,609,y,3
CA190283,WE,46,11.41,adolescent,Kanyawara,F,11,7,18,18Q4,,,,,,,,2.62E+09,4.343389094,643,y,3
CA190286,TT,40,18.09,adult,Kanyawara,M,12,3,18,18Q4,,,,,,,,1.01E+10,3.971847528,601,y,3
CA190287,UT,176,2.94,infant,Kanyawara,F,12,3,18,18Q4,,,,,,,,2.12E+09,4.222861073,565,n,3
CA190289,AN,3,9.47,juvenile,Kanyawara,F,10,16,18,18Q4,,,,,,,,1.64E+08,4.198900578,566,y,3
CA190290,AZ,5,13.83,adolescent,Kanyawara,M,10,25,18,18Q4,,,,,,,,4.75E+09,3.855517884,497,y,3
CA190291,QV,167,NA,adolescent,Kanyawara,,11,5,18,18Q4,,,,,,,,2.77E+09,4.230248124,551,y,3
CA190292,QT,34,26.4,adult,Kanyawara,F,11,5,18,18Q4,,,Y,,1101,,,1.73E+09,4.158338592,533,y,3
CA190293,OB,24,6.82,juvenile,Kanyawara,M,11,14,18,18Q4,,,,,,,,3.27E+09,3.913996286,402,n,3
CA190297,UN,42,14.11,adolescent,Kanyawara,M,12,7,18,18Q4,,Y,Y,,1188,,,2.48E+09,4.620639896,664,y,3
CA190298,OT,29,20.65,adult,Kanyawara,F,10,2,18,18Q4,,,Y,,1083,,,7.80E+09,3.779569877,558,y,3
CA190299,MM,19,6.75,juvenile,Kanyawara,F,10,18,18,18Q4,,,,,,,,1.38E+09,3.742825566,472,y,3
CA190300,BO,8,15.03,adolescent,Kanyawara,M,10,21,18,18Q4,,,,,,,,3.43E+10,3.497789239,455,y,3
CA190301,WC,45,10.24,juvenile,Kanyawara,M,10,27,18,18Q4,,,,,,,,8.08E+09,3.902760513,518,y,3
CA190303,BB,6,52.35,past_prime_adult,Kanyawara,M,10,26,18,18Q4,,,Y,,1077,,,2.71E+10,4.164668294,445,y,3
CA190304,LU,153,0.68,under2,Kanyawara,M,8,NA,18,18Q3,,Y,,,,,,18100000,4.176897516,706,n,3
CA190306,WJ,178,1.72,under2,Kanyawara,M,8,,18,18Q3,,Y,,,,,,1.07E+10,3.746055506,483,n,3
CA190308,TZ,175,2.58,infant,Kanyawara,M,10,NA,18,18Q4,,Y,,,,,,1.03E+09,4.164707449,694,n,3
CA190309,OMG,161,0.68,under2,Kanyawara,M,8,NA,18,18Q3,,Y,,,,,,2.07E+09,4.339735112,801,n,3
CA191,Sills,117,51.3,past_prime_adult,Ngogo,F,3,24,17,17Q1,,,,,,,,,4.195707127,499,,2
CA192,Sills,117,50.81,past_prime_adult,Ngogo,F,10,12,16,16Q4,,,,,,,,7.04E+09,4.797289871,676,,1
CA193,Taylor,120,25.8,adult,Ngogo,F,3,14,17,17Q1,,,,,,,,,4.414002989,634,,2
CA194,Violetta,121,36.1,past_prime_adult,Ngogo,F,2,14,17,17Q1,,,,,,,,,4.406007917,481,,2
CA195,Penelope,105,26,adult,Ngogo,F,1,6,17,17Q1,,,,,,,,,3.682145375,380,,2
CA196,Taylor,120,25.55,adult,Ngogo,F,12,10,16,16Q4,,,,,,,,1.07E+10,4.232588456,387,,1
CA197,Sutherland,119,53.82,past_prime_adult,Ngogo,F,10,12,16,16Q4,Y,,,,,,,3.03E+11,4.206672548,423,,1
CA198,Violetta,121,35.88,past_prime_adult,Ngogo,F,11,16,16,16Q4,Y,,Y,,,,,3.37E+09,3.42951206,215,,1
CA199,Bronte,65,15.3,adult,Ngogo,F,4,3,17,17Q2,,,,,,,,,4.065378709,363,,2
CA200,Penelope,105,25.82,adult,Ngogo,F,10,20,16,16Q4,,,Y,,,,,4.15E+08,4.010847725,448,,1
CA201,Amelia,52,22.44,adult,Ngogo,F,2,23,17,17Q1,,,Y,,,,,3.64E+10,3.696393143,359,,1
CA202,Carson,68,23,adult,Ngogo,F,4,6,17,17Q2,,,,,,,,5.01E+09,4.205470111,481,,2
CA203,Garbo,81,61.3,past_prime_adult,Ngogo,F,4,2,17,17Q2,,,,,,,,21800000,4.463702909,560,,2
CA204,Harper,83,65.4,past_prime_adult,Ngogo,F,4,22,17,17Q2,,,Y,,382,,,4.14E+10,4.247563355,667,,2
CA205,Jolie,88,29.4,adult,Ngogo,F,5,5,17,17Q2,,,,,,,,1.41E+09,4.119844563,490,,2
CA206,Julianne,89,39.3,past_prime_adult,Ngogo,F,4,4,17,17Q2,,,Y,,382,,,1.19E+09,4.228324185,621,,2
CA207,Kidman,92,40.3,past_prime_adult,Ngogo,F,4,22,17,17Q2,,,Y,,379,,,3.04E+10,4.260120829,550,,2
CA208,Marlene,98,67.4,past_prime_adult,Ngogo,F,5,12,17,17Q2,,,Y,,399,,,1.09E+10,3.863368249,495,,2
CA209,Leonora,94,40.4,past_prime_adult,Ngogo,F,5,28,17,17Q2,,,,,,,,1.83E+10,3.843608931,589,,2
CA210,Leigh,93,16.3,adult,Ngogo,F,4,6,17,17Q2,,,,,,,,2.12E+11,4.201626877,604,,2
CA211,Maya,99,21.3,adult,Ngogo,F,4,25,17,17Q2,,,Y,,,,,7430000,4.190575029,554,,2
CA212,Merrill,100,50.4,past_prime_adult,Ngogo,F,5,13,17,17Q2,,,,,,,,7.55E+09,3.984307909,593,,2
CA213,Natalie,104,19.4,adult,Ngogo,F,5,23,17,17Q2,,,Y,,379,,,3.50E+09,4.295710473,497,,2
CA214,Halle,82,30.4,adult,Ngogo,F,5,13,17,17Q2,,,Y,,,,,2.62E+11,3.952714803,609,,2
CA215,Renee,108,25.3,adult,Ngogo,F,4,24,17,17Q2,,,,,,,,8.51E+10,3.861875681,467,,2
CA216,Ruth,110,15.2,adult,Ngogo,F,5,18,17,17Q2,,,,,,,,1.08E+09,4.231901594,551,,2
CA217,Saben,111,19.9,adult,Ngogo,F,4,25,17,17Q2,,,,,,,,1.63E+11,4.22781252,516,,2
CA218,Shire,115,21.3,adult,Ngogo,F,4,14,17,17Q2,,,,,,,,4.12E+10,4.057804466,485,,2
CA219,Sigourney,116,41.4,past_prime_adult,Ngogo,F,5,7,17,17Q2,,,,,,,,1.31E+08,4.512770077,489,,2
CA220,Sarah,113,40.4,past_prime_adult,Ngogo,F,5,23,17,17Q2,,,,,,,,4.97E+09,4.280805563,456,,2
CA221,Sills,117,51.4,past_prime_adult,Ngogo,F,5,7,17,17Q2,,,,,,,,8.95E+08,4.297350909,557,,2
CA222,Senta,114,35.3,past_prime_adult,Ngogo,F,4,26,17,17Q2,,,,,,,,6.34E+10,3.965002161,510,,2
CA223,Wangari,44,21.4,adult,Ngogo,F,5,4,17,17Q2,,,,,,,,2.27E+08,4.027883347,442,,2
CA224,Penelope,105,26.3,adult,Ngogo,F,4,9,17,17Q2,,,,,,,,1.55E+09,4.381068085,478,,2
CA225,AE,1,1.43,under2,Kanyawara,F,7,31,15,15Q3,,,Y,,,i,3,2.97E+13,4.849537735,908,n,2
CA226,AN,3,6.22,juvenile,Kanyawara,F,7,17,15,15Q3,,,Y,,,,,4.57E+12,4.18839333,467,y,2
CA227,AT,4,15.68,adult,Kanyawara,M,7,6,15,15Q3,,,Y,,,,,1.02E+10,3.435500027,408,y,2
CA228,AZ,5,10.52,adolescent,Kanyawara,M,7,6,15,15Q3,,,Y,,,,,3.18E+09,4.098117412,488,y,2
CA229,BL,7,55.18,past_prime_adult,Kanyawara,F,8,25,15,15Q3,,,,,,,,2.92E+10,4.016851978,514,y,2
CA230,BT,9,5.18,juvenile,Kanyawara,M,8,25,15,15Q3,,,Y,,,,,6.04E+11,3.678480075,451,n,2
CA231,ES,10,21.01,adult,Kanyawara,M,7,2,15,15Q3,,,Y,,,,,3.14E+11,3.7439695,456,y,2
CA232,GG,13,13.03,adolescent,Kanyawara,F,7,9,15,15Q3,,,Y,,,,,3.26E+11,4.045721679,567,y,2
CA233,LK,15,32.03,adult,Kanyawara,M,7,6,15,15Q3,,,Y,,,,,3.05E+11,4.484067316,647,y,2
CA234,MM,19,3.59,infant,Kanyawara,F,8,25,15,15Q3,,,Y,,,i,5,1.09E+10,3.646002765,387,n,2
CA235,MN,20,6.59,juvenile,Kanyawara,M,7,31,15,15Q3,,,Y,,,,,8.55E+16,4.088144331,398,y,2
CA236,NP,22,15.42,adult,Kanyawara,F,7,8,15,15Q3,,,,,,,,1.18E+09,3.966293413,449,y,2
CA237,OB,24,3.48,infant,Kanyawara,M,7,15,15,15Q3,,,Y,,,i,7,5.51E+10,3.69707488,452,n,2
CA238,OG,25,14.35,adolescent,Kanyawara,M,8,7,15,15Q3,,,Y,,,,,5.27E+10,3.35950089,265,y,2
CA239,OL,26,6.37,juvenile,Kanyawara,F,7,15,15,15Q3,,,Y,,,,,3.45E+09,4.316899388,501,y,2
CA240,OM,27,10.04,adolescent,Kanyawara,F,7,6,15,15Q3,,,Y,,,,,2.39E+10,4.308763074,446,y,2
CA241,OP,28,1.44,under2,Kanyawara,F,8,8,15,15Q3,,,,,,i,8,3.29E+12,4.326615452,842,n,2
CA242,OU,30,35.59,past_prime_adult,Kanyawara,F,7,8,15,15Q3,,,,,,m,8,1.21E+12,4.322991072,492,y,2
CA243,QT,34,23.09,adult,Kanyawara,F,7,17,15,15Q3,,,,,,,,1.08E+09,4.408035095,493,y,2
CA244,RD,35,19.76,adult,Kanyawara,F,7,17,15,15Q3,,,Y,,,,,1.12E+10,4.522696413,411,y,2
CA245,TG,36,35.18,past_prime_adult,Kanyawara,F,7,14,15,15Q3,,,Y,,,,,2.70E+10,4.113692199,515,y,2
CA246,TJ,37,19.9,adult,Kanyawara,M,7,2,15,15Q3,,,Y,,,,,2.17E+09,4.027991688,484,y,2
CA247,TS,39,10.46,adolescent,Kanyawara,F,7,8,15,15Q3,,,,,,,,6.12E+10,4.527067115,580,y,2
CA248,TT,40,14.67,adolescent,Kanyawara,M,7,2,15,15Q3,,,Y,,,,,3.13E+10,4.300229544,474,y,2
CA249,WA,43,23.62,adult,Kanyawara,F,7,9,15,15Q3,,,Y,,,,,7.03E+09,4.497674638,657,y,2
CA250,WC,45,6.93,juvenile,Kanyawara,M,7,8,15,15Q3,,,Y,,,,,4.22E+10,4.19257513,526,y,2
CA251,WE,46,8.11,juvenile,Kanyawara,F,7,24,15,15Q3,,,Y,,,,,2.80E+10,4.279596675,484,y,2
CA252,WL,47,22.73,adult,Kanyawara,F,7,15,15,15Q3,,,Y,,,,,3.23E+09,4.741796825,690,y,2
CA253,YB,50,42.03,past_prime_adult,Kanyawara,M,7,2,15,15Q3,,,Y,,,,,6.51E+10,4.633797077,638,n,2
CA254,BB,6,49.4,past_prime_adult,Kanyawara,M,11,14,15,15Q4,,,Y,,,,,1.50E+10,3.57691346,355,y,2
CA255,LN,17,20.15,adult,Kanyawara,F,10,5,15,15Q4,,,Y,,,,,4.12E+11,4.40071893,538,y,2
CA256,MX,21,17.8,adult,Kanyawara,M,10,30,15,15Q4,,,,,,,,1.49E+10,4.089210461,438,y,2
CA257,OT,29,17.68,adult,Kanyawara,F,10,15,15,15Q4,,,Y,,,,,6.57E+10,4.222199548,544,y,2
CA258,UM,41,32.83,adult,Kanyawara,F,10,21,15,15Q4,,,Y,,,,,4.08E+10,4.37247666,512,y,2
CA259,UN,42,10.88,adolescent,Kanyawara,M,9,16,15,15Q4,,,Y,,,,,7.54E+09,4.425180559,598,y,2
CA260,WZ,49,3.45,infant,Kanyawara,M,10,31,15,15Q4,,,Y,,,i,1,4.35E+08,3.980521892,357,n,2
CA261,BL,7,55.61,past_prime_adult,Kanyawara,F,1,26,16,16Q1,Y,,,,,,,5.07E+10,4.328171934,514,y,2
CA262,DL,11,13.02,adolescent,Kanyawara,F,1,12,16,16Q1,,,,,,,,8.35E+09,3.810110174,429,y,2
CA263,LN,17,20.41,adult,Kanyawara,F,1,8,16,16Q1,,,,,,,,2.93E+09,3.669584676,299,y,2
CA264,NT,23,1.41,under2,Kanyawara,F,2,19,16,16Q1,,,,,,i,6,7.19E+08,4.025224952,348,n,2
CA265,OP,28,1.88,under2,Kanyawara,F,1,16,16,16Q1,Y,,,,,i,8,2.33E+11,4.877471506,811,n,2
CA266,TR,38,4.29,infant,Kanyawara,F,2,26,16,16Q1,,,,,,i,10,3.37E+11,3.990586347,468,y,2
CA267,AE,1,2.24,infant,Kanyawara,F,5,19,16,16Q2,,,,,,i,3,3.48E+10,4.280736415,532,y,2
CA268,AL,2,35.04,past_prime_adult,Kanyawara,F,4,28,16,16Q2,,,,,,m,3,1.73E+09,4.255111484,458,y,2
CA269,AN,3,7.17,juvenile,Kanyawara,F,6,29,16,16Q2,,,,,,,,5.52E+10,3.959403786,560,y,2
CA270,AT,4,16.44,adult,Kanyawara,M,4,8,16,16Q2,,,,,,,,1.88E+10,4.04295105,483,y,2
CA271,AZ,5,11.27,adolescent,Kanyawara,M,4,5,16,16Q2,,,,,,,,4.03E+10,4.002911093,384,y,2
CA272,BO,8,12.61,adolescent,Kanyawara,M,5,20,16,16Q2,,,,,,,,2.05E+10,4.151070087,523,y,2
CA273,BT,9,5.8,juvenile,Kanyawara,M,4,8,16,16Q2,,,,,,,,6.88E+10,4.342796189,577,n,2
CA274,ES,10,21.84,adult,Kanyawara,M,4,28,16,16Q2,,,,,,,,1.58E+10,3.340912941,442,y,2
CA275,GG,13,13.85,adolescent,Kanyawara,F,5,6,16,16Q2,,,,,,,,1.33E+10,4.128203965,569,y,2
CA276,LK,15,32.79,adult,Kanyawara,M,4,8,16,16Q2,Y,,,,,,,8.26E+09,4.116606375,603,y,2
CA277,LL,16,3.45,infant,Kanyawara,F,5,5,16,16Q2,,,,,,i,4,5.72E+10,4.435054537,635,n,2
CA278,ML,18,20.41,adult,Kanyawara,F,6,10,16,16Q2,,,,,,m,5,8.56E+08,4.005701248,505,y,2
CA279,MM,19,4.32,infant,Kanyawara,F,5,16,16,16Q2,,,,,,i,5,8.32E+09,4.009225433,422,y,2
CA280,NP,22,16.21,adult,Kanyawara,F,4,20,16,16Q2,,,,,,,,1.49E+11,4.264432647,518,y,2
CA281,OB,24,4.32,infant,Kanyawara,M,5,15,16,16Q2,,,,,,i,7,2.04E+11,4.370732015,534,n,2
CA282,OL,26,7.21,juvenile,Kanyawara,F,5,15,16,16Q2,Y,,,,,,,73800000,4.520122899,490,y,2
CA283,OM,27,10.9,adolescent,Kanyawara,F,5,15,16,16Q2,Y,,,,,,,1.83E+09,4.354435423,445,y,2
CA284,OU,30,36.44,past_prime_adult,Kanyawara,F,5,15,16,16Q2,,,Y,,,,,7.77E+09,4.448916696,529,y,2
CA285,PB,31,21.44,adult,Kanyawara,M,6,28,16,16Q2,Y,,Y,,,,,6.29E+09,3.641549147,423,y,2
CA286,PO,32,18.22,adult,Kanyawara,F,5,18,16,16Q2,,,,,,,,5.32E+10,4.502224772,441,y,2
CA287,QT,34,23.85,adult,Kanyawara,F,4,19,16,16Q2,,,,,,,,1.54E+09,4.338242694,578,y,2
CA288,RD,35,20.54,adult,Kanyawara,F,4,26,16,16Q2,,,,,,,,4.78E+10,4.293669149,473,y,2
CA289,TG,36,35.95,past_prime_adult,Kanyawara,F,4,21,16,16Q2,,,,,,m,10,3.16E+11,4.342168368,549,y,2
CA290,TJ,37,20.74,adult,Kanyawara,M,5,4,16,16Q2,,,,,,,,9.14E+10,4.633998497,619,y,2
CA291,TS,39,11.2,adolescent,Kanyawara,F,4,5,16,16Q2,Y,,,,,,,1.78E+09,4.47754572,474,y,2
CA292,TT,40,15.58,adult,Kanyawara,M,5,30,16,16Q2,Y,,,,,,,8.87E+10,4.014509147,406,y,2
CA293,WA,43,24.48,adult,Kanyawara,F,5,16,16,16Q2,,,,,,,,4.64E+10,4.343162357,486,y,2
CA294,WC,45,7.67,juvenile,Kanyawara,M,4,5,16,16Q2,,,,,,,,6.47E+10,4.03707008,429,y,2
CA295,WE,46,8.93,juvenile,Kanyawara,F,5,16,16,16Q2,Y,,,,,,,7.07E+10,4.059376628,506,y,2
CA296,WL,47,23.45,adult,Kanyawara,F,4,5,16,16Q2,,,,,,,,2.24E+10,4.334164504,497,y,2
CA297,YB,50,43.02,past_prime_adult,Kanyawara,M,6,29,16,16Q2,,,,,,,,1.36E+11,4.057388281,463,n,2
CA298,MX,21,18.63,adult,Kanyawara,M,8,29,16,16Q3,Y,,,,,,,2.78E+10,4.465721075,540,y,2
CA299,OT,29,18.49,adult,Kanyawara,F,8,5,16,16Q3,Y,,,,,m,7,2.62E+11,3.883696613,457,y,2
CA300,QK,33,1.75,under2,Kanyawara,F,7,17,16,16Q3,Y,,Y,,,i,9,8.67E+09,4.825883687,791,n,2
CA301,WO,48,1.42,under2,Kanyawara,F,7,14,16,16Q3,Y,,,,,i,2,2.74E+10,4.502364489,726,n,2
CA302,DL,11,13.75,adolescent,Kanyawara,F,10,3,16,16Q4,,,Y,,,,,1.73E+09,4.557617172,594,y,2
CA303,LL,16,3.94,infant,Kanyawara,F,10,29,16,16Q4,Y,,Y,,,i,4,8.44E+10,3.604124878,597,n,2
CA304,MN,20,7.77,juvenile,Kanyawara,M,10,2,16,16Q4,,,,,,,,1.84E+10,4.240293232,432,y,2
CA305,NT,23,2.03,infant,Kanyawara,F,10,3,16,16Q4,Y,,Y,,,i,6,6.64E+10,4.159693187,664,n,2
CA306,OG,25,15.51,adult,Kanyawara,M,10,5,16,16Q4,Y,,,,,,,9.17E+09,4.475399101,579,y,2
CA307,TR,38,4.92,infant,Kanyawara,F,10,10,16,16Q4,,,,,,i,10,4.80E+08,4.154209329,442,y,2
CA308,WO,48,1.71,under2,Kanyawara,F,10,26,16,16Q4,,,Y,,,i,2,4.97E+10,4.979908642,813,n,2
CA309,WZ,49,4.39,infant,Kanyawara,M,10,7,16,16Q4,Y,,,,,i,1,1.61E+10,3.956685971,503,y,2
CA310,PO,32,17.52,adult,Kanyawara,F,9,4,15,15Q4,,,,,,,,8.12E+09,4.08687069,464,y,2
CA311,OT,29,17.93,adult,Kanyawara,F,1,16,16,16Q1,,,,,,m,7,1.19E+11,3.687865276,447,y,2
CA312,Carson,68,22.5,adult,Ngogo,F,10,9,16,16Q4,,,Y,,,,,3.10E+10,4.164955049,435,,2
CA313,Lita,95,49,past_prime_adult,Ngogo,F,12,9,16,16Q4,,,Y,,,,,1.50E+11,3.784738588,758,,2
CA314,Halle,82,29.9,adult,Ngogo,F,11,14,16,16Q4,Y,,,,,,,1.18E+09,4.785408077,773,,2
CA315,Samantha,112,20.8,adult,Ngogo,F,10,9,16,16Q4,,,,,,,,1.13E+10,4.172370195,568,,2
CA316,Stella,118,20.4,adult,Ngogo,F,11,14,16,16Q4,Y,,,,,,,6.21E+11,3.981537474,451,,2
CA317,Wangari,44,20.9,adult,Ngogo,F,11,10,16,16Q4,Y,,,,,,,1.58E+10,4.04519966,567,,2
CA318,WL,47,24.23,adult,Kanyawara,F,1,12,17,17Q1,,,,,,,,1.97E+11,4.411428891,594,y,2
CA319,Aretha,55,42.1,past_prime_adult,Ngogo,F,2,9,17,17Q1,,,,,,,,2.44E+10,4.171153752,569,,2
CA320,Atwood,56,20.6,adult,Ngogo,F,2,15,17,17Q1,,,,,,,,1.56E+09,3.742065104,338,,2
CA321,Beecher,61,15.6,adult,Ngogo,F,2,8,17,17Q1,,,,,,,,1.77E+11,4.199428331,576,,2
CA322,Bartoli,58,33.2,adult,Ngogo,F,2,24,17,17Q1,,,Y,,,,,2.19E+11,4.260960689,507,,2
CA323,Callas,67,31.2,adult,Ngogo,F,2,12,17,17Q1,,,,,,,,1.17E+12,3.91319134,309,,2
CA324,Cate,71,17.9,adult,Ngogo,F,2,10,17,17Q1,,,,,,,,5.18E+09,3.834997628,378,,2
CA325,Aretha,55,41.28,past_prime_adult,Ngogo,F,4,2,16,16Q2,,,,,,,,8.98E+10,4.355849501,445,,2
CA326,Fiona,77,19.3,adult,Ngogo,F,4,27,16,16Q2,Y,,Y,,,,,2.18E+10,4.230308117,493,,2
CA327,Garbo,81,60.8,past_prime_adult,Ngogo,F,10,10,16,16Q4,,,,,,,,1.47E+11,3.644241418,456,,2
CA328,Lucy,97,20.7,adult,Ngogo,F,8,28,16,16Q3b,,,,,,,,2.20E+10,3.595330666,399,,2
CA329,Kidman,92,39.6,past_prime_adult,Ngogo,F,7,27,16,16Q3,Y,,,,,,,1.31E+10,4.202140531,435,,2
CA330,Fitzgerald,78,47.7,past_prime_adult,Ngogo,F,9,6,16,16Q3,Y,,,,,,,4.91E+10,4.317036918,536,,2
CA331,AN,3,6.76,juvenile,Kanyawara,F,1,30,16,16Q1,,,,,,,,4.10E+07,4.094589215,504,y,2
CA332,AT,4,16.31,adult,Kanyawara,M,2,20,16,16Q1,,,,,,,,1.08E+11,4.014721353,363,y,2
CA333,ES,10,21.54,adult,Kanyawara,M,1,11,16,16Q1,,,,,,,,2.18E+10,3.502275383,327,y,2
CA334,LK,15,32.6,adult,Kanyawara,M,1,29,16,16Q1,,,,,,,,1.88E+11,3.790868356,479,y,2
CA335,MM,19,4.1,infant,Kanyawara,F,2,27,16,16Q1,,,,,,i,5,1.50E+10,3.770049305,346,n,2
CA336,MX,21,18.02,adult,Kanyawara,M,1,20,16,16Q1,,,,,,,,1.21E+12,4.039852041,391,y,2
CA337,OB,24,3.99,infant,Kanyawara,M,1,16,16,16Q1,,,,,,i,7,1.74E+10,3.475905319,370,n,2
CA338,TT,40,15.19,adult,Kanyawara,M,1,8,16,16Q1,,,,,,,,1.97E+10,3.830497516,391,y,2
CA339,YB,50,42.56,past_prime_adult,Kanyawara,M,1,12,16,16Q1,,,,,,,,1.21E+12,3.978884231,433,n,2
CA340,MX,21,18.36,adult,Kanyawara,M,5,20,16,16Q2,,,,,,,,1.59E+09,4.36194216,493,y,2
CA341,AE,1,2.54,infant,Kanyawara,F,9,7,16,16Q3,Y,,Y,Y,404,i,3,9.69E+09,4.458991295,651,y,2
CA342,AN,3,7.34,juvenile,Kanyawara,F,8,29,16,16Q3,Y,,Y,,409,,,1.85E+11,4.333327067,493,y,2
CA343,AT,4,16.69,adult,Kanyawara,M,7,7,16,16Q3,Y,,Y,,368,,,4.26E+11,3.995113241,398,y,2
CA344,AZ,5,11.62,adolescent,Kanyawara,M,8,8,16,16Q3,Y,,Y,,400,,,1.02E+12,3.513128993,299,y,2
CA345,BO,8,12.8,adolescent,Kanyawara,M,7,29,16,16Q3,Y,,Y,,,,,1.81E+11,3.263535853,250,y,2
CA346,BT,9,6.05,juvenile,Kanyawara,M,7,11,16,16Q3,Y,,,,,,,9.27E+09,3.926867801,404,y,2
CA347,ES,10,22.03,adult,Kanyawara,M,7,7,16,16Q3,Y,,Y,,371,,,4.80E+09,3.489680179,454,y,2
CA348,MM,19,4.48,infant,Kanyawara,F,7,13,16,16Q3,Y,,,,,i,5,1.16E+11,3.613651321,405,y,2
CA349,MN,20,7.67,juvenile,Kanyawara,M,8,29,16,16Q3,Y,,Y,,396,,,1.10E+11,4.072858632,451,y,2
CA350,OB,24,4.55,infant,Kanyawara,M,8,5,16,16Q3,Y,,Y,,388,i,7,4.76E+10,3.666309673,360,n,2
CA351,TJ,37,20.95,adult,Kanyawara,M,7,21,16,16Q3,Y,,Y,,385,,,2.89E+10,4.199523202,386,y,2
CA352,TR,38,4.85,infant,Kanyawara,F,9,15,16,16Q3,Y,,,,,i,10,1.57E+10,4.171124489,450,y,2
CA353,WC,45,7.95,juvenile,Kanyawara,M,7,14,16,16Q3,Y,,,,,,,2.76E+08,3.94623973,385,y,2
CA354,YB,50,43.3,past_prime_adult,Kanyawara,M,10,9,16,16Q4,Y,,Y,,465,,,3.68E+10,3.814144233,399,n,2
CA355,AT,4,16.93,adult,Kanyawara,M,10,1,16,16Q4,,,,,,,,1.18E+09,4.574484472,733,y,2
CA356,BROWNFACE,66,50.27,past_prime_adult,Ngogo,M,3,27,16,16Q1,,,,,,,,7.26E+09,4.337726291,801,,2
CA357,BOSKO,64,13.17,adolescent,Ngogo,M,2,28,16,16Q1,Y,,Y,,,,,6.82E+08,2.511567522,171,,2
CA358,BARTOK,57,43.27,past_prime_adult,Ngogo,M,3,29,16,16Q1,,,,,,,,8.70E+10,3.72101884,287,,2
CA359,CASH,70,23.21,adult,Ngogo,M,3,11,16,16Q1,,,,,,,,3.91E+10,3.94783411,496,,2
CA360,CASH,70,23.22,adult,Ngogo,M,3,16,16,16Q1b,,,,,,,,5.67E+09,4.371812564,564,,2
CA361,MONK,101,44.2,past_prime_adult,Ngogo,M,3,4,16,16Q1,,,,,,,,9.19E+09,4.365420499,452,,2
CA362,MORTON,102,32.21,adult,Ngogo,M,3,8,16,16Q1,,,,,,,,1.87E+11,2.651993672,271,,2
CA363,MWEYA,103,54.23,past_prime_adult,Ngogo,M,3,13,16,16Q1,,,,,,,,2.28E+10,4.302496932,451,,2
CA364,WILSON,123,16.31,adult,Ngogo,M,3,18,16,16Q1,,,,,,,,6530000,3.783028253,356,,2
CA365,WES,122,18.79,adult,Ngogo,M,3,11,16,16Q1,,,,,,,,,3.700359836,396,,2
CA366,ABRAMS,51,16.39,adult,Ngogo,M,4,19,16,16Q2,,,,,,,,,3.767985643,343,,2
CA367,BASIE,59,33.3,adult,Ngogo,M,4,12,16,16Q2,,,Y,,,,,1670000,4.227458452,441,,2
CA368,BROWNFACE,66,50.29,past_prime_adult,Ngogo,M,4,4,16,16Q2,,,,,,,,5580000,4.064647751,416,,2
CA369,BARTOK,57,43.44,past_prime_adult,Ngogo,M,5,29,16,16Q2,,,,,,,,23100000,3.531924568,388,,2
CA370,CASH,70,23.32,adult,Ngogo,M,4,21,16,16Q2,,,,,,,,4680000,4.370598834,430,,2
CA371,CASH,70,23.34,adult,Ngogo,M,4,28,16,16Q2b,,,,,,,,9670000,3.980474265,344,,2
CA372,EVANS,76,20.32,adult,Ngogo,M,4,22,16,16Q2,,,,,,,,1.13E+08,3.968529406,381,,2
CA373,MONK,101,44.41,past_prime_adult,Ngogo,M,5,18,16,16Q2,,,,,,,,8950000,4.085694904,509,,2
CA374,MONK,101,44.46,past_prime_adult,Ngogo,M,6,6,16,16Q2b,,,,,,,,2010000,4.124615648,392,,2
CA375,MORTON,102,32.28,adult,Ngogo,M,4,3,16,16Q2,,,,,,,,5.04E+09,4.292705644,432,,2
CA376,WILSON,123,16.38,adult,Ngogo,M,5,3,16,16Q2,,,Y,,,,,50100000,4.126188433,371,,2
CA377,WES,122,18.87,adult,Ngogo,M,4,8,16,16Q2,,,Y,,,,,4.10E+07,4.191961095,362,,2
CA378,BROWNFACE,66,50.54,past_prime_adult,Ngogo,M,7,4,16,16Q3,Y,,,,,,,5.05E+09,4.370903354,459,,2
CA379,BARTOK,57,43.53,past_prime_adult,Ngogo,M,7,1,16,16Q3,Y,,,,,,,12600000,3.81065633,328,,2
CA380,Callas,67,30.8,adult,Ngogo,M,9,11,16,16Q3,Y,,Y,,,,,807000,4.275247987,439,,2
CA381,CASH,70,23.57,adult,Ngogo,M,7,23,16,16Q3,Y,,Y,,,,,19300000,4.241096163,497,,2
CA382,CHOPIN,74,15.56,adult,Ngogo,M,7,21,16,16Q3,Y,,,,,,,87600000,4.014961011,488,,2
CA383,EVANS,76,20.52,adult,Ngogo,M,7,2,16,16Q3,Y,,Y,,,,,19900000,3.805726369,404,,2
CA384,MWEYA,103,54.72,past_prime_adult,Ngogo,M,9,8,16,16Q3,Y,,,,,,,25200000,4.325821175,527,,2
CA385,WES,122,19.11,adult,Ngogo,M,7,5,16,16Q3,Y,,,,,,,5.50E+08,4.374890558,473,,2
CA386,ABRAMS,51,16.88,adult,Ngogo,M,10,12,16,16Q4,Y,,Y,,,,,1.47E+08,4.292220172,500,,2
CA387,BASIE,59,33.87,adult,Ngogo,M,11,5,16,16Q4,Y,,,,,,,16800000,3.90948531,406,,2
CA388,BROWNFACE,66,50.78,past_prime_adult,Ngogo,M,10,1,16,16Q4,,,Y,,,,,12900000,4.132788919,523,,2
CA389,BOOKER,63,14.59,adolescent,Ngogo,M,11,13,16,16Q4,Y,,Y,,,,,45600000,3.066649378,196,,2
CA390,BARRON,124,15.74,adult,Ngogo,M,10,22,16,16Q4,Y,,,,,,,26600000,3.528619948,333,,2
CA391,BARTOK,57,43.79,past_prime_adult,Ngogo,M,10,6,16,16Q4,,,Y,,,,,2.50E+09,4.077108491,608,,2
CA392,EVANS,76,20.83,adult,Ngogo,M,10,23,16,16Q4,,,,,,,,1.14E+08,3.846708962,312,,2
CA393,MWEYA,103,54.82,past_prime_adult,Ngogo,M,10,13,16,16Q4,,,,,,,,1.67E+08,3.680531162,414,,2
CA394,MONK,101,44.79,past_prime_adult,Ngogo,M,10,3,16,16Q4,Y,,Y,,,,,,4.389398772,445,,2
CA395,MORTON,102,32.78,adult,Ngogo,M,10,3,16,16Q4,Y,,Y,,,,,28200000,3.986536785,452,,2
CA396,WILSON,123,16.85,adult,Ngogo,M,10,3,16,16Q4,Y,,,,,,,18100000,3.613403091,354,,2
CA397,WES,122,19.39,adult,Ngogo,M,10,18,16,16Q4,,,,,,,,1.10E+07,3.089308657,261,,2
CA398,ABRAMS,51,17.12,adult,Ngogo,M,1,9,17,17Q1,,,,,,,,29100000,3.496423991,352,,2
CA399,BOSKO,64,14.22,adolescent,Ngogo,M,3,17,17,17Q1,,,Y,,383,,,6180000,4.345697058,441,,2
CA400,BARTOK,57,44.18,past_prime_adult,Ngogo,M,2,23,17,17Q1,,,,,,,,85100000,4.132336476,405,,2
CA401,CASH,70,24.14,adult,Ngogo,M,2,14,17,17Q1,,,,,,,,50200000,4.238984939,449,,2
CA402,CARTER,69,27.16,adult,Ngogo,M,2,23,17,17Q1,,,Y,,,,,19500000,3.843961618,411,,2
CA403,EVANS,76,21.04,adult,Ngogo,M,1,8,17,17Q1,,,,,,,,2.10E+07,3.896393237,334,,2
CA404,MONK,101,45.08,past_prime_adult,Ngogo,M,1,17,17,17Q1,,,,,,,,1.40E+08,4.349245879,438,,2
CA405,Carson,68,22.8,adult,Ngogo,F,1,6,17,17Q1,,,,,,,,1.17E+08,4.540482016,555,,2
CA406,Fleming,79,31.2,adult,Ngogo,F,2,21,17,17Q1,,,,,,,,8.05E+09,4.347610026,477,,2
CA407,Florence,80,17.9,adult,Ngogo,F,2,9,17,17Q1,,,,,,,,8.52E+08,3.770087044,383,,2
CA408,Fitzgerald,78,48.2,past_prime_adult,Ngogo,F,2,27,17,17Q1,,,,,,,,77700000,4.420150564,648,,2
CA409,Garbo,81,61.1,past_prime_adult,Ngogo,F,1,24,17,17Q1,,,,,,,,1.14E+09,4.101212413,482,,2
CA410,Harper,83,65.3,past_prime_adult,Ngogo,F,3,19,17,17Q1,,,,,,,,34200000,4.628265826,633,,2
CA411,Ingrid,85,22.6,adult,Ngogo,F,2,7,17,17Q1,,,,,,,,5.08E+10,4.366078496,511,,2
CA412,Jackie,86,18.2,adult,Ngogo,F,3,19,17,17Q1,,,Y,,,,,5.64E+10,4.11129066,766,,2
CA413,Jolie,88,29.1,adult,Ngogo,F,1,26,17,17Q1,,,,,,,,5.91E+09,3.454141104,651,,2
CA414,Julianne,89,39.1,past_prime_adult,Ngogo,F,2,2,17,17Q1,,,,,,,,1.08E+10,4.3054489,499,,2
CA415,Kidman,92,40.1,past_prime_adult,Ngogo,F,2,10,17,17Q1,,,,,,,,2.50E+09,4.608855109,516,,2
CA416,Khutulin,91,15.7,adult,Ngogo,F,2,16,17,17Q1,,,Y,,365,,,3.33E+09,4.392781272,473,,2
CA417,Leonora,94,40.2,past_prime_adult,Ngogo,F,2,27,17,17Q1,,,Y,,,,,9.75E+08,4.13179045,418,,2
CA418,Leigh,93,16,adult,Ngogo,F,1,6,17,17Q1,,,,,,,,40300000,4.210757532,867,,2
CA419,Lita,95,49.1,past_prime_adult,Ngogo,F,1,17,17,17Q1,,,,,,,,2.82E+09,4.495073384,576,,2
CA420,Lucy,97,21.1,adult,Ngogo,F,2,15,17,17Q1,,,,,,,,2.67E+08,4.185806924,483,,2
CA421,Pizan,106,22.8,adult,Ngogo,F,1,28,17,17Q1,,,Y,,,,,2.36E+09,4.339678403,505,,2
CA422,Renee,108,25.1,adult,Ngogo,F,2,8,17,17Q1,,,,,,,,1.71E+10,4.163630356,479,,2
CA423,Ruth,110,15,adolescent,Ngogo,F,2,23,17,17Q1,,,,,,,,1.30E+09,4.327762644,598,,2
CA424,Shire,115,21,adult,Ngogo,F,1,8,17,17Q1,,,,,,,,3.74E+08,4.484417761,479,,2
CA425,Senta,114,35,past_prime_adult,Ngogo,F,1,9,17,17Q1,,,,,,,,1.64E+09,4.278214411,412,,2
CA426,Anna,54,16.3,adult,Ngogo,F,4,16,17,17Q1,,,,,,,,1.60E+10,4.29788781,430,,2
CA427,Atwood,56,20.8,adult,Ngogo,F,4,29,17,17Q2,,,,,,,,6.33E+09,3.251462862,281,,2
CA428,Beecher,61,15.8,adult,Ngogo,F,4,6,17,17Q2,,,,,,,,5.24E+08,4.324139009,441,,2
CA429,Bronte,65,15.4,adult,Ngogo,F,7,5,17,17Q2b,,,,,,,,,4.20250454,475,,2
CA430,Cate,71,18.1,adult,Ngogo,F,4,3,17,17Q2,,,Y,,399,,,1.68E+10,4.044729707,467,,2