"","sample_id","barcode_sequence","linker_primer_sequence","fecal_sample_id","chimpanzee_name","community_y","sex_y","chimpanzee_number","chimpanzee_age","age","age_group","sample_collection_date","month","day","year","year_quarter","x16s_copies_per_g_feces","features_per_sample","shannon_index","observed_ot_us"
"1","CA001","CGTACCAGATCC","CCGGACTACHVGGGTWTCTAAT","K-OT-15-Q3","OT","Kanyawara","F",29,17.4,"17.4","adult","7_6_2015",7,"6",15,"15Q3","64300000000",96402,6.385698062,318
"2","CA003","GTTATGACGGAT","CCGGACTACHVGGGTWTCTAAT","K-PO-15-Q4","PO","Kanyawara","F",32,17.52,"16.19","adult","9_4_2015",9,"4",15,"15Q4","1400000000",110249,6.920176981,391
"3","CA006","CTCTCATATGCT","CCGGACTACHVGGGTWTCTAAT","K-ML-15-Q4","ML","Kanyawara","F",18,19.71,"18.25","adult","9_29_2015",9,"29",15,"15Q4","16300000000",278052,6.745285105,487
"4","CA007","CATGTTGGAACA","CCGGACTACHVGGGTWTCTAAT","K-NP-15-Q4","NP","Kanyawara","F",22,15.61,"15.61","adult","9_16_2015",9,"16",15,"15Q4","22400000000",97405,6.631551318,345
"5","CA008","CGAGATAGTTTG","CCGGACTACHVGGGTWTCTAAT","K-QT-15-Q4","QT","Kanyawara","F",34,23.38,"23.35","adult","10_31_2015",10,"31",15,"15Q4","22500000000",98657,5.901477928,281
"6","CA009","ATGTTTAGACGG","CCGGACTACHVGGGTWTCTAAT","K-TG-15-Q4","TG","Kanyawara","F",36,35.48,"35.35","post-prime adult","10_31_2015",10,"31",15,"15Q4","16700000000",385229,6.947461348,459
"7","CA010","TGCGGGATTCAT","CCGGACTACHVGGGTWTCTAAT","K-DL-17-Q1","DL","Kanyawara","F",11,14.05,"14.57","adolescent","1_23_2017",1,"23",17,"17Q1","11500000000",86506,6.815827104,395
"8","CA011","AGCCTCATGATG","CCGGACTACHVGGGTWTCTAAT","K-PO-17-Q1","PO","Kanyawara","F",32,18.9,"17.57","adult","1_22_2017",1,"22",17,"17Q1","8160000000",144486,6.596867255,392
"9","CA012","TTAAACCGCGCC","CCGGACTACHVGGGTWTCTAAT","K-TG-17-Q1","TG","Kanyawara","F",36,36.69,"36.56","post-prime adult","1_15_2017",1,"15",17,"17Q1","12300000000",187327,6.948206969,415
"10","CA013","CTATCGGAAGAT","CCGGACTACHVGGGTWTCTAAT","K-UM-17-Q1","UM","Kanyawara","F",41,34.05,"35.55","adult","1_9_2017",1,"9",17,"17Q1","7620000000",197712,6.676616306,415
"11","CA015","ATGGGACCTTCA","CCGGACTACHVGGGTWTCTAAT","K-AL-15-Q4","AL","Kanyawara","F",2,34.63,"33.44","adult","12_1_2015",12,"1",15,"15Q4","6190000000",29294,5.372217191,175
"12","CA016","CGCGTCAAACTA","CCGGACTACHVGGGTWTCTAAT","K-AL-16-Q1","AL","Kanyawara","F",2,34.75,"33.56","adult","1_15_2016",1,"15",16,"16Q1","51000000000",110071,6.708838388,388
"13","CA017","ACATGTCACGTG","CCGGACTACHVGGGTWTCTAAT","K-GG-15-Q4","GG","Kanyawara","F",13,13.41,"13.41","adolescent","11_26_2015",11,"26",15,"15Q4","12900000000",195594,6.059166108,334
"14","CA018","CAAACTGCGTTG","CCGGACTACHVGGGTWTCTAAT","K-GG-16-Q1","GG","Kanyawara","F",13,13.56,"13.56","adolescent","1_19_2016",1,"19",16,"16Q1","17300000000",107591,7.16414858,455
"15","CA019","GTGTATCGCCAC","CCGGACTACHVGGGTWTCTAAT","K-NP-16-Q1","NP","Kanyawara","F",22,15.92,"15.92","adult","1_8_2016",1,"8",16,"16Q1","5660000000",66881,6.136870233,267
"16","CA021","CGGATTGCTGTA","CCGGACTACHVGGGTWTCTAAT","K-PO-16-Q1","PO","Kanyawara","F",32,17.86,"16.53","adult","1_8_2016",1,"8",16,"16Q1","10200000000",101221,6.388116384,309
"17","CA022","TCGTTTCTTCAG","CCGGACTACHVGGGTWTCTAAT","K-RD-15-Q4","RD","Kanyawara","F",35,19.93,"19.22","adult","9_16_2015",9,"16",15,"15Q4","27200000000",104987,5.787915379,407
"18","CA023","GCTATTCCTCAT","CCGGACTACHVGGGTWTCTAAT","K-TG-16-Q1","TG","Kanyawara","F",36,35.68,"35.55","post-prime adult","1_11_2016",1,"11",16,"16Q1","37900000000",133889,6.450903701,369
"19","CA024","TTGACACACGAC","CCGGACTACHVGGGTWTCTAAT","K-UM-16-Q1","UM","Kanyawara","F",41,33.05,"34.55","adult","1_9_2016",1,"9",16,"16Q1","10400000000",120702,6.47513521,336
"20","CA025","CTTTAGCGCTGG","CCGGACTACHVGGGTWTCTAAT","K-WA-15-Q4","WA","Kanyawara","F",43,23.95,"24.36","adult","11_6_2015",11,"6",15,"15Q4","11200000000",130196,6.437493033,326
"21","CA026","TTAGACTCGGAA","CCGGACTACHVGGGTWTCTAAT","K-WL-16-Q1","WL","Kanyawara","F",47,23.21,"23.53","adult","1_8_2016",1,"8",16,"16Q1","28500000000",89820,6.415164215,274
"22","CA027","CCAAACTCGTCG","CCGGACTACHVGGGTWTCTAAT","K-AL-16-Q3","AL","Kanyawara","F",2,35.4,"34.21","post-prime adult","9_7_2016",9,"7",16,"16Q3","29400000000",202850,6.939808898,536
"23","CA028","GTGCACGATAAT","CCGGACTACHVGGGTWTCTAAT","K-AL-16-Q4","AL","Kanyawara","F",2,35.61,"34.42","post-prime adult","11_23_2016",11,"23",16,"16Q4","15300000000",106052,6.92631165,413
"24","CA030","AGTACCTAAGTG","CCGGACTACHVGGGTWTCTAAT","K-DL-16-Q3","DL","Kanyawara","F",11,13.57,"14.09","adolescent","7_31_2016",7,"31",16,"16Q3","23100000000",171952,7.06471624,536
"25","CA031","GTCTCTGAAAGA","CCGGACTACHVGGGTWTCTAAT","K-LN-16-Q2","LN","Kanyawara","F",17,20.69,"18.81","adult","4_20_2016",4,"20",16,"16Q2","28400000000",163945,5.958997747,465
"26","CA033","CTGGTCTTACGG","CCGGACTACHVGGGTWTCTAAT","K-ML-16-Q4","ML","Kanyawara","F",18,20.82,"19.36","adult","11_7_2016",11,"7",16,"16Q4","8960000000",95980,6.525505308,447
"27","CA034","GACCGATAGGGA","CCGGACTACHVGGGTWTCTAAT","K-ML-16-Q3","ML","Kanyawara","F",18,20.49,"19.04","adult","7_10_2016",7,"10",16,"16Q3","19700000000",273831,6.434374085,492
"28","CA035","ACGTGAGGAACG","CCGGACTACHVGGGTWTCTAAT","K-NP-16-Q3","NP","Kanyawara","F",22,16.43,"16.43","adult","7_10_2016",7,"10",16,"16Q3","26600000000",88204,5.99988078,288
"29","CA036","GGTCTAGGTCTA","CCGGACTACHVGGGTWTCTAAT","K-NP-16-Q4","NP","Kanyawara","F",22,16.66,"16.66","adult","10_2_2016",10,"2",16,"16Q4","34300000000",74143,6.885592234,392
"30","CA037","ATCGAATCGAGT","CCGGACTACHVGGGTWTCTAAT","K-OT-16-Q2","OT","Kanyawara","F",29,18.26,"18.26","adult","5_15_2016",5,"15",16,"16Q2","9780000000",99341,6.998539874,491
"31","CA038","GGATGCAGGATG","CCGGACTACHVGGGTWTCTAAT","K-OU-16-Q1","OU","Kanyawara","F",30,36.29,"36.74","post-prime adult","3_20_2016",3,"20",16,"16Q1","15400000000",90294,7.101644078,422
"32","CA039","GTTCTGCTTGTT","CCGGACTACHVGGGTWTCTAAT","K-PO-16-Q3","PO","Kanyawara","F",32,18.36,"17.03","adult","7_7_2016",7,"7",16,"16Q3","37300000000",89383,6.589968548,395
"33","CA040","TTGCCCTTTGAT","CCGGACTACHVGGGTWTCTAAT","K-QT-16-Q3","QT","Kanyawara","F",34,24.15,"24.12","adult","8_9_2016",8,"9",16,"16Q3","3400000000",307077,6.996571202,485
"34","CA041","CAAGTCGAATAC","CCGGACTACHVGGGTWTCTAAT","K-RD-16-Q1","RD","Kanyawara","F",35,20.36,"19.65","adult","2_19_2016",2,"19",16,"16Q1","8800000000",134382,6.890915736,340
"35","CA042","GGCGAACTGAAG","CCGGACTACHVGGGTWTCTAAT","K-RD-16-Q3","RD","Kanyawara","F",35,20.81,"20.09","adult","7_31_2016",7,"31",16,"16Q3","2140000000",100162,6.247470282,347
"36","CA043","TGAATCGAAGCT","CCGGACTACHVGGGTWTCTAAT","K-RD-16-Q4","RD","Kanyawara","F",35,21.01,"20.3","adult","10_15_2016",10,"15",16,"16Q4","18500000000",85869,6.880389619,378
"37","CA045","CTAGCAGTATGA","CCGGACTACHVGGGTWTCTAAT","K-TG-16-Q4","TG","Kanyawara","F",36,36.4,"36.27","post-prime adult","10_1_2016",10,"1",16,"16Q4","8850000000",114177,7.143138452,469
"38","CA046","CCACTTGAGAGT","CCGGACTACHVGGGTWTCTAAT","K-UM-16-Q2","UM","Kanyawara","F",41,33.28,"34.78","adult","4_5_2016",4,"5",16,"16Q2","3540000000",157184,7.005158676,521
"39","CA047","GTCAAGACCTCA","CCGGACTACHVGGGTWTCTAAT","K-UM-16-Q4","UM","Kanyawara","F",41,33.84,"35.34","adult","10_26_2016",10,"26",16,"16Q4","8210000000",162317,6.167973692,432
"40","CA048","CCTGGAATTAAG","CCGGACTACHVGGGTWTCTAAT","K-WA-16-Q1","WA","Kanyawara","F",43,24.25,"24.66","adult","2_23_2016",2,"23",16,"16Q1","4890000000",388128,6.64457572,457
"41","CA049","GCAAGTGTGAGG","CCGGACTACHVGGGTWTCTAAT","K-WA-16-Q4","WA","Kanyawara","F",43,24.87,"25.28","adult","10_6_2016",10,"6",16,"16Q4","5240000000",406042,6.65904014,489
"42","CA050","CGGCACTATCAC","CCGGACTACHVGGGTWTCTAAT","K-WL-16-Q3","WL","Kanyawara","F",47,23.73,"24.05","adult","7_14_2016",7,"14",16,"16Q3","4780000000",131009,7.04427575,496
"43","CA051","CTGCAGTAAGTA","CCGGACTACHVGGGTWTCTAAT","K-DL-17-Q2","DL","Kanyawara","F",11,14.25,"14.77","adolescent","4_4_2017",4,"4",17,"17Q2","8420000000",126527,7.096729594,512
"44","CA052","GAAAGGTGAGAA","CCGGACTACHVGGGTWTCTAAT","K-GG-16-Q4","GG","Kanyawara","F",13,14.41,"14.41","adolescent","11_24_2016",11,"24",16,"16Q4","5520000000",126203,6.890541949,420
"45","CA053","GTTAATGGCAGT","CCGGACTACHVGGGTWTCTAAT","K-JU-17-Q2","JU","Kanyawara","F",14,13.47,NA,"adolescent","4_2_2017",4,"2",17,"17Q2","15300000000",97884,6.642587469,364
"46","CA054","GCACTTCATTTC","CCGGACTACHVGGGTWTCTAAT","K-ML-17-Q1","ML","Kanyawara","F",18,21.16,"19.71","adult","3_12_2017",3,"12",17,"17Q1","10300000000",117707,6.759600184,391
"47","CA055","TTGTTACGTTCC","CCGGACTACHVGGGTWTCTAAT","K-NP-17-Q1","NP","Kanyawara","F",22,17.1,"17.1","adult","3_11_2017",3,"11",17,"17Q1","17000000000",91917,6.848921963,365
"48","CA056","TGAGACCCTACA","CCGGACTACHVGGGTWTCTAAT","K-NP-17-Q2","NP","Kanyawara","F",22,17.16,"17.16","adult","4_3_2017",4,"3",17,"17Q2","19700000000",96032,6.790086113,404
"49","CA057","CTCGGTCAACCA","CCGGACTACHVGGGTWTCTAAT","K-OT-16-Q4","OT","Kanyawara","F",29,18.82,"18.82","adult","12_6_2016",12,"6",16,"16Q4","51400000000",112733,6.699711285,364
"50","CA058","AGGTGGTGGAGT","CCGGACTACHVGGGTWTCTAAT","K-OT-17-Q1","OT","Kanyawara","F",29,19.11,"19.11","adult","3_21_2017",3,"21",17,"17Q1","6990000000",102064,6.860427894,426
"51","CA059","TATAGGCTCCGC","CCGGACTACHVGGGTWTCTAAT","K-OT-17-Q2","OT","Kanyawara","F",29,19.15,"19.15","adult","4_3_2017",4,"3",17,"17Q2","9790000000",110689,6.450568559,439
"52","CA060","GAATATACCTGG","CCGGACTACHVGGGTWTCTAAT","K-OU-16-Q4","OU","Kanyawara","F",30,37.04,"37.49","post-prime adult","12_19_2016",12,"19",16,"16Q4","33800000000",173013,6.762455259,422
"53","CA061","GTATGGAGCTAT","CCGGACTACHVGGGTWTCTAAT","K-OU-17-Q1","OU","Kanyawara","F",30,37.29,"37.75","post-prime adult","3_21_2017",3,"21",17,"17Q1","4930000000",108467,5.339567885,239
"54","CA062","AGAATCCACCAC","CCGGACTACHVGGGTWTCTAAT","K-OU-17-Q2","OU","Kanyawara","F",30,37.33,"37.78","post-prime adult","4_3_2017",4,"3",17,"17Q2","25500000000",92216,7.278480501,415
"55","CA064","AAGTATCCTGCG","CCGGACTACHVGGGTWTCTAAT","K-QT-17-Q1","QT","Kanyawara","F",34,24.64,"24.61","adult","2_4_2017",2,"4",17,"17Q1","21200000000",212497,7.019926662,458
"56","CA065","ACCCTATTGCGG","CCGGACTACHVGGGTWTCTAAT","K-WL-16-Q4","WL","Kanyawara","F",47,24.09,"24.41","adult","11_24_2016",11,"24",16,"16Q4","10600000000",85197,6.601883149,344
"57","CA066","ATTCCCAGAACG","CCGGACTACHVGGGTWTCTAAT","K-AL-17-Q2","AL","Kanyawara","F",2,36.03,"34.84","post-prime adult","4_25_2017",4,"25",17,"17Q2","37500000000",115875,6.462923899,364
"58","CA067","ATCGTGTGTTGG","CCGGACTACHVGGGTWTCTAAT","K-FS-17-Q2","FS","Kanyawara","F",12,13.22,NA,"adolescent","4_24_2017",4,"24",17,"17Q2","15900000000",138971,5.960408004,291
"59","CA068","GTCGCTTGCACA","CCGGACTACHVGGGTWTCTAAT","K-GG-17-Q2","GG","Kanyawara","F",13,14.77,"14.77","adolescent","4_5_2017",4,"5",17,"17Q2","21000000000",201941,7.357343337,601
"60","CA069","CCTTCTGTATAC","CCGGACTACHVGGGTWTCTAAT","K-LN-17-Q2","LN","Kanyawara","F",17,21.65,"19.78","adult","4_6_2017",4,"6",17,"17Q2","41500000000",81810,6.804160966,348
"61","CA070","CTCAAGTCAAAG","CCGGACTACHVGGGTWTCTAAT","K-QT-17-Q2","QT","Kanyawara","F",34,24.81,"24.77","adult","4_4_2017",4,"4",17,"17Q2","25300000000",89949,5.958401522,262
"62","CA071","AATGTCACCAGA","CCGGACTACHVGGGTWTCTAAT","K-ML-17-Q2","ML","Kanyawara","F",18,21.36,"19.9","adult","5_23_2017",5,"23",17,"17Q2","26100000000",95837,6.298729067,412
"63","CA073","TCCGTTCGTTTA","CCGGACTACHVGGGTWTCTAAT","K-TG-17-Q2","TG","Kanyawara","F",36,37.08,"36.95","post-prime adult",NA,6,"5",17,"17Q2","29200000000",113756,6.629680047,424
"64","CA074","AGACGTTGCTAC","CCGGACTACHVGGGTWTCTAAT","K-UM-17-Q2","UM","Kanyawara","F",41,34.33,"35.82","adult","4_20_2017",4,"20",17,"17Q2","23200000000",181241,6.750962182,490
"65","CA075","CTTCCGCAGACA","CCGGACTACHVGGGTWTCTAAT","K-WA-17-Q2-1","WA","Kanyawara","F",43,25.45,"25.87","adult","5_7_2017",5,"7",17,"17Q2","13200000000",170497,6.425489018,524
"66","CA076","TCTACCACGAAG","CCGGACTACHVGGGTWTCTAAT","K-WA-17-Q2-2","WA","Kanyawara","F",43,25.47,"25.88","adult","5_14_2017",5,"14",17,"17Q2b","24000000000",65705,6.352542407,376
"67","CA077","ACGCTGTCGGTT","CCGGACTACHVGGGTWTCTAAT","K-WL-17-Q2","WL","Kanyawara","F",47,24.46,"24.78","adult","4_6_2017",4,"6",17,"17Q2","11100000000",288485,6.538852809,496
"68","CA078","GTACCTAGCCTG","CCGGACTACHVGGGTWTCTAAT","K-PB-17-Q2","PB","Kanyawara","M",31,22.25,"22.26","adult","4_18_2017",4,"18",17,"17Q2","38500000000",79767,6.803820752,402
"69","CA079","CAGCCTGCAAAT","CCGGACTACHVGGGTWTCTAAT","K-AL-17-Q1","AL","Kanyawara","F",2,35.72,"34.53","post-prime adult","1_4_2017",1,"4",17,"17Q1","21000000000",100152,6.627557866,384
"70","CA080","ACACATAAGTCG","CCGGACTACHVGGGTWTCTAAT","K-RD-17-Q1","RD","Kanyawara","F",35,21.23,"20.52","adult","1_3_2017",1,"3",17,"17Q1","5340000000",96739,6.60928295,423
"71","CA081","ACCACCGTAACC","CCGGACTACHVGGGTWTCTAAT","K-WA-17-Q1","WA","Kanyawara","F",43,25.13,"25.54","adult","1_7_2017",1,"7",17,"17Q1","621000000",55719,6.440514937,338
"72","CA082","AGAATAGCGCTT","CCGGACTACHVGGGTWTCTAAT","Aretha_06Mar16","Aretha","Ngogo","F",55,41.21,"9.77","post-prime adult","3_6_2016",3,"6",16,"16Q1","31500000000",66207,6.90719841,356
"73","CA083","GCACTATACGCA","CCGGACTACHVGGGTWTCTAAT","Cate_29Feb16","Cate","Ngogo","F",71,16.99,"16.99","adult","2_29_2016",2,"29",16,"16Q1","10900000000",217663,6.320103087,327
"74","CA084","AATATCGGGATC","CCGGACTACHVGGGTWTCTAAT","Bronte_29Feb16","Bronte","Ngogo","F",65,14.17,"14.17","adolescent","2_29_2016",2,"29",16,"16Q1","595000000",66968,6.150990854,212
"75","CA085","CTCGTTTCAGTT","CCGGACTACHVGGGTWTCTAAT","Florence_29Mar16","Florence","Ngogo","F",80,17.06,"17.06","adult","3_29_2016",3,"29",16,"16Q1","6170000000",78756,6.573338095,320
"76","CA086","CACTGAGTACGT","CCGGACTACHVGGGTWTCTAAT","Khutulin_28Feb16","Khutulin","Ngogo","F",91,14.71,"14.71","adolescent","2_28_2016",2,"28",16,"16Q1b","35100000000",78100,6.507332885,331
"77","CA087","TTGCAAGTACCG","CCGGACTACHVGGGTWTCTAAT","Khutulin_17Feb16","Khutulin","Ngogo","F",91,14.68,"14.68","adolescent","2_17_2016",2,"17",16,"16Q1","32700000000",67897,6.449705098,316
"78","CA088","TACTGCCAGTGA","CCGGACTACHVGGGTWTCTAAT","Jackie_26Feb16","Jackie","Ngogo","F",86,17.16,"17.16","adult","2_26_2016",2,"26",16,"16Q1","525000000",93380,6.149752076,260
"79","CA089","CATTTCGCACTT","CCGGACTACHVGGGTWTCTAAT","Julianne_18Mar16","Julianne","Ngogo","F",89,38.24,"38.24","post-prime adult","3_18_2016",3,"18",16,"16Q1","11000000000",97285,6.433919233,388
"80","CA090","AAGCGTACATTG","CCGGACTACHVGGGTWTCTAAT","Kidman_13Mar16","Kidman","Ngogo","F",92,39.22,"39.22","post-prime adult","3_13_2016",3,"13",16,"16Q1","5810000000",73024,6.487961137,310
"81","CA091","TCTGGGCATTGA","CCGGACTACHVGGGTWTCTAAT","Anna_20Apr17","Anna","Ngogo","F",54,16.31,"16.31","adult","4_20_2017",4,"20",17,"17Q2","21100000000",51937,6.457172916,278
"82","CA092","TAGTGCATTCGG","CCGGACTACHVGGGTWTCTAAT","Anna_27Jun16","Anna","Ngogo","F",54,15.5,"15.5","adult","6_27_2016",6,"27",16,"16Q2","26700000",136339,6.917310064,466
"83","CA093","GCGAACCTATAC","CCGGACTACHVGGGTWTCTAAT","Cecilia_28May16","Cecilia","Ngogo","F",72,40.43,"40.43","post-prime adult","5_28_2016",5,"28",16,"16Q2","5920000000",96547,6.873498734,501
"84","CA094","TCAAGCAATACG","CCGGACTACHVGGGTWTCTAAT","Anderson_08May16","Anderson","Ngogo","F",53,42.38,"42.38","post-prime adult","5_8_2016",5,"8",16,"16Q2","8080000000",95862,7.502952769,569
"85","CA096","GAGTTTACGGTC","CCGGACTACHVGGGTWTCTAAT","Atwood_24Apr16","Atwood","Ngogo","F",56,19.82,"19.82","adult","4_24_2016",4,"24",16,"16Q2","16600000000",89239,6.831554527,390
"86","CA097","GGCACACCCTTA","CCGGACTACHVGGGTWTCTAAT","Bronte_08Jun16","Bronte","Ngogo","F",65,14.44,"14.44","adolescent","6_8_2016",6,"8",16,"16Q2","1690000000",96281,6.324624313,330
"87","CA098","GACTCTGCTCAG","CCGGACTACHVGGGTWTCTAAT","Cate_05Jun16","Cate","Ngogo","F",71,17.25,"17.25","adult","6_5_2016",6,"5",16,"16Q2","7330000000",79683,6.963636106,392
"88","CA099","TAACGGCGCTCT","CCGGACTACHVGGGTWTCTAAT","Carson_07Jun16","Carson","Ngogo","F",68,22.19,"22.19","adult","6_7_2016",6,"7",16,"16Q2","1700000000",94554,7.05060558,393
"89","CA100","TCACGAGTCACA","CCGGACTACHVGGGTWTCTAAT","Charlize_24Apr16","Charlize","Ngogo","F",73,20.33,"20.33","adult","4_24_2016",4,"24",16,"16Q2","5410000000",171623,6.416779978,446
"90","CA102","GTCCTGACACTG","CCGGACTACHVGGGTWTCTAAT","Fleming_27Jun16","Fleming","Ngogo","F",79,30.51,"30.51","adult","6_27_2016",6,"27",16,"16Q2","796000000",104720,7.092744679,468
"91","CA103","TCGTAAGCCGTC","CCGGACTACHVGGGTWTCTAAT","Florence_09Apr16","Florence","Ngogo","F",80,17.09,"17.09","adult","4_9_2016",4,"9",16,"16Q2","5120000000",72849,6.697511854,323
"92","CA107","TAGTAGCACCTG","CCGGACTACHVGGGTWTCTAAT","Hester_17Apr16","Hester","Ngogo","F",84,14.54,"14.54","adolescent","4_17_2016",4,"17",16,"16Q2","1660000000",50721,6.349519635,316
"93","CA108","CCGAATTGACAA","CCGGACTACHVGGGTWTCTAAT","Ingrid_18Apr16","Ingrid","Ngogo","F",85,21.8,"21.8","adult","4_18_2016",4,"18",16,"16Q2","538000000",121156,7.215626543,468
"94","CA109","ACGCTTAACGAC","CCGGACTACHVGGGTWTCTAAT","Jolie_17May16","Jolie","Ngogo","F",88,28.39,"28.39","adult","5_17_2016",5,"17",16,"16Q2","3400000000",64776,6.41332725,407
"95","CA110","GGACTCAACTAA","CCGGACTACHVGGGTWTCTAAT","Jolie_26Jun16","Jolie","Ngogo","F",88,28.5,"28.5","adult","6_26_2016",6,"26",16,"16Q2b","6150000000",68437,6.034158601,384
"96","CA111","TGACGCCTCCAA","CCGGACTACHVGGGTWTCTAAT","Julianne_05Jun16","Julianne","Ngogo","F",89,38.45,"38.45","post-prime adult","6_5_2016",6,"5",16,"16Q2","6060000000",91981,6.538055968,393
"97","CA112","TGCTTCCAATTC","CCGGACTACHVGGGTWTCTAAT","NKD16Q2_040816","Kidman","Ngogo","F",92,39.29,"39.29","post-prime adult","4_8_2016",4,"8",16,"16Q2","5920000000",78752,6.844751093,416
"98","CA113","GGACAGTGTATT","CCGGACTACHVGGGTWTCTAAT","NKD16Q2_062816","Kidman","Ngogo","F",92,39.52,"39.52","post-prime adult","6_28_2016",6,"28",16,"16Q2b","1090000000",90483,7.00372871,457
"99","CA114","CAGAGCTAATTG","CCGGACTACHVGGGTWTCTAAT","NLI16Q2_061116","Leigh","Ngogo","F",93,15.45,"15.45","adult","6_11_2016",6,"11",16,"16Q2","237000000",73540,6.149206531,297
"100","CA115","AGGTCATCTTGG","CCGGACTACHVGGGTWTCTAAT","NLT16Q2_040416","Lita","Ngogo","F",95,48.29,"48.29","post-prime adult","4_4_2016",4,"26",16,"16Q2","2950000000",74685,7.085716803,446
"101","CA116","CACCGTGACACT","CCGGACTACHVGGGTWTCTAAT","NLU16Q2_042616","Lucia","Ngogo","F",96,32.7,"32.7","adult","9_3_2016",4,"26",16,"16Q2","4000000000",91918,7.019752357,477
"102","CA117","TGAAAGCGGCGA","CCGGACTACHVGGGTWTCTAAT","NLY16Q2_042416","Lucy","Ngogo","F",97,20.14,"20.14","adult","2_16_2016",4,"24",16,"16Q2","832000000",98842,6.795277086,499
"103","CA119","GTTCCGGATTAG","CCGGACTACHVGGGTWTCTAAT","NNA16Q2_050916","Natalie","Ngogo","F",104,18.36,"18.36","adult","5_9_2016",5,"9",16,"16Q2","749000000",125477,5.974213603,350
"104","CA120","GCCGAGATAATT","CCGGACTACHVGGGTWTCTAAT","NRN16Q2_042116","Renee","Ngogo","F",108,24.32,"24.32","adult","4_21_2016",4,"21",16,"16Q2","2340000000",121043,6.682443215,463
"105","CA121","TGTGGAAACTCC","CCGGACTACHVGGGTWTCTAAT","NRS16Q2_042316","Rusalka","Ngogo","F",109,26.33,"26.33","adult","4_23_2016",4,"23",16,"16Q2","3570000000",216013,7.112880375,466
"106","CA123","GATAACTGTACG","CCGGACTACHVGGGTWTCTAAT","NSE16Q2_050516","Shire","Ngogo","F",115,20.36,"20.36","adult","5_5_2016",5,"5",16,"16Q2","4170000",242051,7.264879681,527
"107","CA124","AACTGGAACCCT","CCGGACTACHVGGGTWTCTAAT","NSG16Q2_060516","Sigourney","Ngogo","F",116,40.45,"40.45","post-prime adult","42526",6,"5",16,"16Q2","46500000",317375,7.288651659,657
"108","CA128","TCGAGTATCGAA","CCGGACTACHVGGGTWTCTAAT","NVL16Q2_062016","Violetta","Ngogo","F",121,35.49,"35.49","post-prime adult","6_20_2016",6,"20",16,"16Q2","4850000000",98384,7.122650945,464
"109","CA130","CTAAGACGTCGT","CCGGACTACHVGGGTWTCTAAT","NAR16Q3_082216","Aretha","Ngogo","F",55,41.67,"10.23","post-prime adult","8_22_2016",8,"22",16,"16Q3","5440000000",119568,7.011030066,444
"110","CA131","GACCCTAGACCT","CCGGACTACHVGGGTWTCTAAT","NAW16Q3_092716","Atwood","Ngogo","F",56,20.25,"20.25","adult","9_27_2016",9,"27",16,"16Q3","4340000",166288,7.003376718,479
"111","CA133","TTCTGGTCTTGT","CCGGACTACHVGGGTWTCTAAT","NBX16Q3_092516","Bronte","Ngogo","F",65,14.74,"14.74","adolescent","9_25_2016",9,"25",16,"16Q3","4240000000",131675,6.861619348,400
"112","CA134","GAGTCCGTTGCT","CCGGACTACHVGGGTWTCTAAT","NCN16Q3_071016","Carson","Ngogo","F",68,22.28,"22.28","adult","7_10_2016",7,"10",16,"16Q3","102000000",90415,6.843400956,395
"113","CA140","GGACCGCTTTCA","CCGGACTACHVGGGTWTCTAAT","Hester_19Sep16","Hester","Ngogo","F",84,14.97,"14.97","adolescent","9_19_2016",9,"19",16,"16Q3","2660000000",78844,6.95560698,383
"114","CA141","GTCCACTTGGAC","CCGGACTACHVGGGTWTCTAAT","Ingrid_06Aug16","Ingrid","Ngogo","F",85,22.1,"22.1","adult","8_6_2016",8,"6",16,"16Q3","7470000000",132706,6.855533322,454
"115","CA143","CCTGACACACAC","CCGGACTACHVGGGTWTCTAAT","Julianne_13Aug16","Julianne","Ngogo","F",89,38.64,"38.64","post-prime adult","8_13_2016",8,"13",16,"16Q3","1860000000",164660,6.023401338,464
"116","CA145","CTGTAGCTTGGC","CCGGACTACHVGGGTWTCTAAT","Khutulin_06Jul16","Khutulin","Ngogo","F",91,15.06,"15.06","adult","7_6_2016",7,"6",16,"16Q3","56600000000",82747,6.687048599,365
"117","CA148","CACGGTCCTATG","CCGGACTACHVGGGTWTCTAAT","Lita_14Aug16","Lita","Ngogo","F",95,48.65,"32.64","post-prime adult","8_14_2016",8,"14",16,"16Q3","15200000000",129618,6.142169437,460
"118","CA149","GATTTAGAGGCT","CCGGACTACHVGGGTWTCTAAT","Lucy_03Jul16","Lucy","Ngogo","F",97,20.52,"20.52","adult","7_3_2016",7,"3",16,"16Q3","1010000000",110880,6.293959334,362
"119","CA154","GTGCTGCGCTTA","CCGGACTACHVGGGTWTCTAAT","Saben_08Jul16","Saben","Ngogo","F",111,19.12,"19.12","adult","7_8_2016",7,"8",16,"16Q3","15300000000",130565,6.517691445,392
"120","CA155","GTTGATACGATG","CCGGACTACHVGGGTWTCTAAT","Shire_27Sep16","Shire","Ngogo","F",115,20.75,"20.75","adult","9_27_2016",9,"27",16,"16Q3","61700000",203350,6.770036717,343
"121","CA156","ACCGATTAGGTA","CCGGACTACHVGGGTWTCTAAT","Sarah_19Aug16","Sarah","Ngogo","F",113,39.66,"39.66","post-prime adult","8_19_2016",8,"19",16,"16Q3","205000000",132218,6.827541304,416
"122","CA158","ATGCCTCGTAAG","CCGGACTACHVGGGTWTCTAAT","Samantha_08Aug16","Samantha","Ngogo","F",112,20.62,"20.62","adult","8_8_2016",8,"8",16,"16Q3","134000000",76516,7.103250686,429
"123","CA159","CGCGAAGTTTCA","CCGGACTACHVGGGTWTCTAAT","Senta_10Jul16","Senta","Ngogo","F",114,34.55,"34.55","adult","7_10_2016",7,"10",16,"16Q3","177000000",57249,6.461533798,348
"124","CA160","TGGGACATATCC","CCGGACTACHVGGGTWTCTAAT","Taylor_11Sep16","Taylor","Ngogo","F",120,25.3,"25.3","adult","9_11_2016",9,"11",16,"16Q3","27900000000",106704,7.338491143,515
"125","CA162","CTATGGTGAACC","CCGGACTACHVGGGTWTCTAAT","Penelope_10Jul16","Penelope","Ngogo","F",105,25.54,"25.54","adult","7_10_2016",7,"10",16,"16Q3","976000000",103959,7.202099802,482
"126","CA163","TGGAAACCATTG","CCGGACTACHVGGGTWTCTAAT","Cecilia_10Oct16","Cecilia","Ngogo","F",72,40.8,"40.8","post-prime adult","10_10_2016",10,"10",16,"16Q4","323000000",88884,5.587279951,420
"127","CA164","ACTTACGCCACG","CCGGACTACHVGGGTWTCTAAT","Aretha_05Dec16","Aretha","Ngogo","F",55,41.96,"10.52","post-prime adult","12_5_2016",12,"5",16,"16Q4","24700000000",60310,6.568490675,304
"128","CA165","ACGGTTTCTGGA","CCGGACTACHVGGGTWTCTAAT","Beecher_08Oct16","Beecher","Ngogo","F",61,15.28,"15.28","adult","10_8_2016",10,"8",16,"16Q4","5830000000",147039,6.811213057,465
"129","CA166","ACGACGCATTTG","CCGGACTACHVGGGTWTCTAAT","Bronte_11Nov16","Bronte","Ngogo","F",65,14.87,"14.87","adolescent","11_11_2016",9,"11",16,"16Q4","45200000000",78965,6.762201441,302
"130","CA405","ACCCGGATTTCG","CCGGACTACHVGGGTWTCTAAT","Florence_10Nov16","Florence","Ngogo","F",80,17.68,"17.68","adult","11_10_2016",11,"10",16,"16Q4","10100000000",86056,6.253285646,254
"131","CA407","GCAGCCATATTG","CCGGACTACHVGGGTWTCTAAT","Hester_05Dec16","Hester","Ngogo","F",84,15.18,"15.18","adult","12_5_2016",12,"5",16,"16Q4","111000000000",66937,6.913761968,526
"132","CA408","CGTCACTCCAAG","CCGGACTACHVGGGTWTCTAAT","Ingrid_14Nov16","Ingrid","Ngogo","F",85,22.38,"22.38","adult","11_14_2016",11,"14",16,"16Q4","11100000000",52832,6.488315286,241
"133","CA409","GCCATAGTGTGT","CCGGACTACHVGGGTWTCTAAT","Jolie_13Oct16","Jolie","Ngogo","F",88,28.8,"28.8","adult","10_13_2016",10,"13",16,"16Q4","29400000000",113245,6.530068314,274
"134","CA410","TTCAGACCAGCC","CCGGACTACHVGGGTWTCTAAT","Kidman_05Oct16","Kidman","Ngogo","F",92,39.79,"39.79","post-prime adult","10_5_2016",10,"5",16,"16Q4","1580000000",67020,7.200048914,492
"135","CA411","CGCTTGTGTAGC","CCGGACTACHVGGGTWTCTAAT","Khutulin_28Oct16","Khutulin","Ngogo","F",91,15.38,"15.38","adult","10_28_2016",10,"28",16,"16Q4","748000000",64850,7.466613606,498
"136","CA412","CGTCCGTATGAA","CCGGACTACHVGGGTWTCTAAT","Kanawa_06Oct16","Kanawa","Ngogo","F",90,46.79,"46.79","post-prime adult","10_6_2016",10,"6",16,"16Q4","26900000000",76428,6.774076485,422
"137","CA413","CCGCGATTTCGA","CCGGACTACHVGGGTWTCTAAT","Leigh_17Nov16","Leigh","Ngogo","F",93,15.89,"15.89","adult","11_17_2016",11,"17",16,"16Q4","1920000000",73139,6.859250429,368
"138","CA414","TTACACAAAGGC","CCGGACTACHVGGGTWTCTAAT","Merrill_29Oct16","Merrill","Ngogo","F",100,49.86,"49.86","post-prime adult","10_29_2016",10,"29",16,"16Q4","23800000000",80403,6.844734049,378
"139","CA415","GGTCCCGAAATT","CCGGACTACHVGGGTWTCTAAT","Binoche_10Oct16","Binoche","Ngogo","F",62,24.79,"24.79","adult","10_10_2016",10,"10",16,"16Q4","3540000000",60763,6.991063505,439
"140","CA416","ACGCATCGCACT","CCGGACTACHVGGGTWTCTAAT","Natalie_14Dec16","Natalie","Ngogo","F",104,18.96,"18.96","adult","12_14_2016",12,"14",16,"16Q4","4420000000",52122,6.790241609,396
"141","CA418","ACACACCCTGAC","CCGGACTACHVGGGTWTCTAAT","Quinton_07Nov16","Quintone","Ngogo","F",107,22.49,"22.49","adult","11_7_2016",11,"7",16,"16Q4","44000000000",76278,4.577339964,207
"142","CA419","CATCGGATCTGA","CCGGACTACHVGGGTWTCTAAT","Renee_08Dec16","Renee","Ngogo","F",108,24.95,"24.95","adult","12_8_2016",12,"8",16,"16Q4","5910000000",75857,6.787265397,369
"143","CA420","ACCTAGCTAGTG","CCGGACTACHVGGGTWTCTAAT","Rusalka_13Oct16","Rusalka","Ngogo","F",109,26.8,"26.8","adult","10_13_2016",10,"13",16,"16Q4","3090000000",72784,6.548167795,356
"144","CA421","GTATAGTCCGTG","CCGGACTACHVGGGTWTCTAAT","Ruth_12Oct16","Ruth","Ngogo","F",110,14.6,"14.6","adolescent","10_12_2016",10,"12",16,"16Q4","10400000000",64604,5.771257239,361
"145","CA428","GTTAGGGAGCGA","CCGGACTACHVGGGTWTCTAAT","Lucia_08Nov16","Lucia","Ngogo","F",96,32.88,"32.88","adult","11_8_2016",11,"8",16,"16Q4","53100000000",86500,6.256283815,255
"146","CA169","ACCCACCACTAG","CCGGACTACHVGGGTWTCTAAT","Dahlia_03Dec16","Dahlia","Ngogo","F",75,22.44,"22.44","adult","12_3_2016",12,"3",16,"16Q4","337000000",149335,6.732718102,461
"147","CA226","ATCGGGCTTAAC","CCGGACTACHVGGGTWTCTAAT","K-AN-15-Q3","AN","Kanyawara","F",3,6.22,NA,"juvenile",NA,7,"17",15,"15Q3","4570000000000",129442,6.124940163,411
"148","CA227","TCCTCACTATCA","CCGGACTACHVGGGTWTCTAAT","K-AT-15-Q3","AT","Kanyawara","M",4,15.68,NA,"adult",NA,7,"6",15,"15Q3","10200000000",120927,5.881190067,289
"149","CA228","TTCACCTGTATC","CCGGACTACHVGGGTWTCTAAT","K-AZ-15-Q3","AZ","Kanyawara","M",5,10.52,NA,"adolescent",NA,7,"6",15,"15Q3","3180000000",124242,6.386840685,379
"150","CA230","CAATGCCTCACG","CCGGACTACHVGGGTWTCTAAT","K-BT-15-Q3","BT","Kanyawara","M",9,5.18,NA,"juvenile",NA,8,"25",15,"15Q3","604000000000",142798,6.215963563,396
"151","CA231","AACCCAGATGAT","CCGGACTACHVGGGTWTCTAAT","K-ES-15-Q3","ES","Kanyawara","M",10,21.01,NA,"adult",NA,7,"2",15,"15Q3","314000000000",139567,6.241184834,358
"152","CA232","CACGAGCTACTC","CCGGACTACHVGGGTWTCTAAT","K-GG-15-Q3","GG","Kanyawara","F",13,13.03,NA,"adolescent",NA,7,"9",15,"15Q3","326000000000",190864,6.504110079,412
"153","CA233","TACGCCCATCAG","CCGGACTACHVGGGTWTCTAAT","K-LK-15-Q3","LK","Kanyawara","M",15,32.03,NA,"adult",NA,7,"6",15,"15Q3","305000000000",172970,6.890909469,488
"154","CA235","CAACTAGACTCG","CCGGACTACHVGGGTWTCTAAT","K-MN-15-Q3","MN","Kanyawara","M",20,6.59,NA,"juvenile",NA,7,"31",15,"15Q3","8.55E+16",56270,7.007536911,391
"155","CA236","GGTCGTGTCTTG","CCGGACTACHVGGGTWTCTAAT","K-NP-15-Q3","NP","Kanyawara","F",22,15.42,NA,"adult",NA,7,"8",15,"15Q3","1180000000",108619,6.276436856,347
"156","CA238","GTAGTGTCAACA","CCGGACTACHVGGGTWTCTAAT","K-OG-15-0708","OG","Kanyawara","M",25,14.35,NA,"adolescent",NA,8,"7",15,"15Q3","52700000000",83587,5.823975242,223
"157","CA239","TCTCGATAAGCG","CCGGACTACHVGGGTWTCTAAT","K-OL-15-Q3","OL","Kanyawara","F",26,6.37,NA,"juvenile",NA,7,"15",15,"15Q3","3450000000",147329,6.49821675,411
"158","CA240","AAGATCGTACTG","CCGGACTACHVGGGTWTCTAAT","K-OM-15-Q3","OM","Kanyawara","F",27,10.04,NA,"adolescent",NA,7,"6",15,"15Q3","23900000000",112400,6.344301432,346
"159","CA242","CAGGATTCGTAC","CCGGACTACHVGGGTWTCTAAT","K-OU-15-Q3","OU","Kanyawara","F",30,35.59,NA,"post-prime adult",NA,7,"8",15,"15Q3","1210000000000",120808,6.449664172,357
"160","CA243","AATCAACTAGGC","CCGGACTACHVGGGTWTCTAAT","K-QT-15-Q3","QT","Kanyawara","F",34,23.09,NA,"adult",NA,7,"17",15,"15Q3","1080000000",79454,6.996954361,480
"161","CA244","TAGACACCGTGT","CCGGACTACHVGGGTWTCTAAT","K-RD-15-Q3","RD","Kanyawara","F",35,19.76,NA,"adult",NA,7,"17",15,"15Q3","11200000000",44666,7.148069774,429
"162","CA245","ACTCATCTTCCA","CCGGACTACHVGGGTWTCTAAT","K-TG-15-Q3","TG","Kanyawara","F",36,35.18,NA,"post-prime adult",NA,7,"14",15,"15Q3","27000000000",190553,6.688246111,416
"163","CA246","ATAAAGAGGAGG","CCGGACTACHVGGGTWTCTAAT","K-TJ-15-Q3","TJ","Kanyawara","M",37,19.9,NA,"adult",NA,7,"2",15,"15Q3","2170000000",110733,6.533057263,384
"164","CA247","CGCATACGACCT","CCGGACTACHVGGGTWTCTAAT","K-TS-15-Q3","TS","Kanyawara","F",39,10.46,NA,"adolescent",NA,7,"8",15,"15Q3","61200000000",118944,6.999383199,452
"165","CA248","GGAACGACGTGA","CCGGACTACHVGGGTWTCTAAT","K-TT-15-Q3","TT","Kanyawara","M",40,14.67,NA,"adolescent",NA,7,"2",15,"15Q3","31300000000",99397,6.884053309,424
"166","CA249","CAAGCGTTGTCC","CCGGACTACHVGGGTWTCTAAT","K-WA-15-Q3","WA","Kanyawara","F",43,23.62,NA,"adult",NA,7,"9",15,"15Q3","7030000000",175961,6.50665459,537
"167","CA250","GTGAGGGCAAGT","CCGGACTACHVGGGTWTCTAAT","K-WC-15-0807","WC","Kanyawara","M",45,6.93,NA,"juvenile",NA,7,"8",15,"15Q3","42200000000",122873,6.628823326,331
"168","CA251","CGTATAAATGCG","CCGGACTACHVGGGTWTCTAAT","K-WE-15-Q3","WE","Kanyawara","F",46,8.11,NA,"juvenile",NA,7,"24",15,"15Q3","28000000000",98652,6.498722174,463
"169","CA252","AGACAAGCTTCC","CCGGACTACHVGGGTWTCTAAT","K-WL-15-Q3","WL","Kanyawara","F",47,22.73,NA,"adult",NA,7,"15",15,"15Q3","3230000000",107340,7.488753278,578
"170","CA253","GAGATACAGTTC","CCGGACTACHVGGGTWTCTAAT","K-YB-15-Q3","YB","Kanyawara","M",50,42.03,NA,"post-prime adult",NA,7,"2",15,"15Q3","65100000000",111128,7.300515475,540
"171","CA254","GCGCCGAATCTT","CCGGACTACHVGGGTWTCTAAT","K-BB-15-Q4","BB","Kanyawara","M",6,49.4,NA,"post-prime adult",NA,11,"14",15,"15Q4","15000000000",108784,6.036765025,269
"172","CA255","GCCTCGTACTGA","CCGGACTACHVGGGTWTCTAAT","K-LN-15-Q4","LN","Kanyawara","F",17,20.15,NA,"adult",NA,10,"5",15,"15Q4","412000000000",95815,6.991659829,465
"173","CA256","TGTCAGCTGTCG","CCGGACTACHVGGGTWTCTAAT","K-MX-15-Q4","MX","Kanyawara","M",21,17.8,NA,"adult",NA,10,"30",15,"15Q4","14900000000",125426,6.913579316,373
"174","CA257","GACTTATGCCCG","CCGGACTACHVGGGTWTCTAAT","K-OT-15-Q4","OT","Kanyawara","F",29,17.68,NA,"adult",NA,10,"15",15,"15Q4","65700000000",164617,6.646431014,428
"175","CA258","CGTGGGCTCATT","CCGGACTACHVGGGTWTCTAAT","K-UM-15-Q4","UM","Kanyawara","F",41,32.83,NA,"adult",NA,10,"21",15,"15Q4","40800000000",126356,6.284136649,437
"176","CA259","CGTACCAGATCC","CCGGACTACHVGGGTWTCTAAT","K-UN-15-Q4","UN","Kanyawara","M",42,10.88,NA,"adolescent",NA,9,"16",15,"15Q4","7540000000",166844,7.070789401,535
"177","CA262","CCAATGATAAGC","CCGGACTACHVGGGTWTCTAAT","K-DL-16-Q1","DL","Kanyawara","F",11,13.02,NA,"adolescent",NA,1,"12",16,"16Q1","8350000000",124270,6.665343529,471
"178","CA263","TCAATGACCGCA","CCGGACTACHVGGGTWTCTAAT","K-LN-16-Q1","LN","Kanyawara","F",17,20.41,NA,"adult",NA,1,"8",16,"16Q1","2930000000",138058,6.06043842,224
"179","CA268","TGCGGGATTCAT","CCGGACTACHVGGGTWTCTAAT","K-AL-16-Q2","AL","Kanyawara","F",2,35.04,NA,"post-prime adult",NA,4,"28",16,"16Q2","1730000000",101334,6.987302809,449
"180","CA269","AGCCTCATGATG","CCGGACTACHVGGGTWTCTAAT","K-AN-16-Q2","AN","Kanyawara","F",3,7.17,NA,"juvenile",NA,6,"29",16,"16Q2","55200000000",139858,6.869736979,519
"181","CA270","TTAAACCGCGCC","CCGGACTACHVGGGTWTCTAAT","K-AT-16-Q2","AT","Kanyawara","M",4,16.44,NA,"adult",NA,4,"8",16,"16Q2","18800000000",148620,6.699729691,454
"182","CA271","CTATCGGAAGAT","CCGGACTACHVGGGTWTCTAAT","K-AZ-16-Q2","AZ","Kanyawara","M",5,11.27,NA,"adolescent",NA,4,"5",16,"16Q2","40300000000",39893,6.748611757,353
"183","CA272","CCAGTATCGCGT","CCGGACTACHVGGGTWTCTAAT","K-BO-16-Q2","BO","Kanyawara","M",8,12.61,NA,"adolescent",NA,5,"20",16,"16Q2","20500000000",170043,6.697582574,439
"184","CA273","ATGGGACCTTCA","CCGGACTACHVGGGTWTCTAAT","K-BT-16-Q2","BT","Kanyawara","M",9,5.8,NA,"juvenile",NA,4,"8",16,"16Q2","68800000000",113770,6.965060667,479
"185","CA274","CGCGTCAAACTA","CCGGACTACHVGGGTWTCTAAT","K-ES-16-Q2","ES","Kanyawara","M",10,21.84,NA,"adult",NA,4,"28",16,"16Q2","15800000000",129074,6.213753313,363
"186","CA275","ACATGTCACGTG","CCGGACTACHVGGGTWTCTAAT","K-GG-16-Q2","GG","Kanyawara","F",13,13.85,NA,"adolescent",NA,5,"6",16,"16Q2","13300000000",140128,6.919643386,581
"187","CA276","CAAACTGCGTTG","CCGGACTACHVGGGTWTCTAAT","K-LK-16-Q2","LK","Kanyawara","M",15,32.79,NA,"adult",NA,4,"8",16,"16Q2","8260000000",124772,7.125228933,567
"188","CA278","CTTGCATACCGG","CCGGACTACHVGGGTWTCTAAT","K-ML-16-Q2","ML","Kanyawara","F",18,20.41,NA,"adult",NA,6,"10",16,"16Q2","856000000",142735,6.329353747,437
"189","CA280","TCGTTTCTTCAG","CCGGACTACHVGGGTWTCTAAT","K-NP-16-Q2","NP","Kanyawara","F",22,16.21,NA,"adult",NA,4,"20",16,"16Q2","149000000000",138473,6.510661611,438
"190","CA283","CTTTAGCGCTGG","CCGGACTACHVGGGTWTCTAAT","K-OM-16-Q2","OM","Kanyawara","F",27,10.9,NA,"adolescent",NA,5,"15",16,"16Q2","1830000000",112359,6.414056529,519
"191","CA284","TTAGACTCGGAA","CCGGACTACHVGGGTWTCTAAT","K-OU-16-Q2","OU","Kanyawara","F",30,36.44,NA,"post-prime adult",NA,5,"15",16,"16Q2","7770000000",113192,7.332927804,593
"192","CA285","CCAAACTCGTCG","CCGGACTACHVGGGTWTCTAAT","K-PB-16-Q2","PB","Kanyawara","M",31,21.44,NA,"adult",NA,6,"28",16,"16Q2","6290000000",170787,6.100680951,386
"193","CA286","GTGCACGATAAT","CCGGACTACHVGGGTWTCTAAT","K-PO-16-Q2","PO","Kanyawara","F",32,18.22,NA,"adult",NA,5,"18",16,"16Q2","53200000000",103489,5.862211036,470
"194","CA287","GGTACTGTACCA","CCGGACTACHVGGGTWTCTAAT","K-QT-16-Q2","QT","Kanyawara","F",34,23.85,NA,"adult",NA,4,"19",16,"16Q2","1540000000",184310,6.973465155,489
"195","CA288","GTCTCTGAAAGA","CCGGACTACHVGGGTWTCTAAT","K-RD-16-Q2","RD","Kanyawara","F",35,20.54,NA,"adult",NA,4,"26",16,"16Q2","47800000000",107955,6.543242587,468
"196","CA289","ATAAGGTCGCCT","CCGGACTACHVGGGTWTCTAAT","K-TG-16-Q2","TG","Kanyawara","F",36,35.95,NA,"post-prime adult",NA,4,"21",16,"16Q2","316000000000",156243,6.895614224,578
"197","CA290","CTGGTCTTACGG","CCGGACTACHVGGGTWTCTAAT","K-TJ-16-Q2","TJ","Kanyawara","M",37,20.74,NA,"adult",NA,5,"4",16,"16Q2","91400000000",151511,7.231512193,542
"198","CA291","GACCGATAGGGA","CCGGACTACHVGGGTWTCTAAT","K-TS-16-Q2","TS","Kanyawara","F",39,11.2,NA,"adolescent",NA,4,"5",16,"16Q2","1780000000",111867,6.61879179,565
"199","CA292","ACGTGAGGAACG","CCGGACTACHVGGGTWTCTAAT","K-TT-16-Q2","TT","Kanyawara","M",40,15.58,NA,"adult",NA,5,"30",16,"16Q2","88700000000",113541,6.304383187,419
"200","CA293","GGTCTAGGTCTA","CCGGACTACHVGGGTWTCTAAT","K-WA-16-Q2","WA","Kanyawara","F",43,24.48,NA,"adult",NA,5,"16",16,"16Q2","46400000000",90073,7.017196859,526
"201","CA294","ATCGAATCGAGT","CCGGACTACHVGGGTWTCTAAT","K-WC-16-Q2","WC","Kanyawara","M",45,7.67,NA,"juvenile",NA,4,"5",16,"16Q2","64700000000",121097,6.740724983,444
"202","CA295","GGATGCAGGATG","CCGGACTACHVGGGTWTCTAAT","K-WE-16-Q2","WE","Kanyawara","F",46,8.93,NA,"juvenile",NA,5,"16",16,"16Q2","70700000000",104703,6.907466459,520
"203","CA296","GTTCTGCTTGTT","CCGGACTACHVGGGTWTCTAAT","K-WL-16-Q2","WL","Kanyawara","F",47,23.45,NA,"adult",NA,4,"5",16,"16Q2","22400000000",101992,6.780354876,475
"204","CA297","TTGCCCTTTGAT","CCGGACTACHVGGGTWTCTAAT","K-YB-16-Q2","YB","Kanyawara","M",50,43.02,NA,"post-prime adult",NA,6,"29",16,"16Q2","136000000000",145573,6.941175458,475
"205","CA298","GGCGAACTGAAG","CCGGACTACHVGGGTWTCTAAT","K-MX-16-Q3","MX","Kanyawara","M",21,18.63,NA,"adult",NA,8,"29",16,"16Q3","27800000000",116366,7.331351933,528
"206","CA299","TGAATCGAAGCT","CCGGACTACHVGGGTWTCTAAT","K-OT-16-Q3","OT","Kanyawara","F",29,18.49,NA,"adult",NA,8,"5",16,"16Q3","262000000000",91448,7.089416895,524
"207","CA302","CCTGGAATTAAG","CCGGACTACHVGGGTWTCTAAT","K-DL-16-Q4","DL","Kanyawara","F",11,13.75,NA,"adolescent",NA,10,"3",16,"16Q4","1730000000",132201,7.558227811,598
"208","CA304","CGGCACTATCAC","CCGGACTACHVGGGTWTCTAAT","K-MN-16-Q4","MN","Kanyawara","M",20,7.77,NA,"juvenile",NA,10,"2",16,"16Q4","18400000000",115203,6.79392293,439
"209","CA306","GAAAGGTGAGAA","CCGGACTACHVGGGTWTCTAAT","K-OG-16-Q4","OG","Kanyawara","M",25,15.51,NA,"adult",NA,10,"5",16,"16Q4","9170000000",101475,6.982851993,452
"210","CA310","CTCGGTCAACCA","CCGGACTACHVGGGTWTCTAAT","K-PO-15-Q4","PO","Kanyawara","F",32,17.52,NA,"adult",NA,9,"4",15,"15Q4","8120000000",59989,6.896650972,401
"211","CA311","GTATGGAGCTAT","CCGGACTACHVGGGTWTCTAAT","K-OT-16-Q1","OT","Kanyawara","F",29,17.93,NA,"adult",NA,1,"16",16,"16Q1","119000000000",109592,6.741154813,461
"212","CA318","CAAATGGTCGTC","CCGGACTACHVGGGTWTCTAAT","K-WL-17-Q1","WL","Kanyawara","F",47,24.23,NA,"adult",NA,1,"12",17,"17Q1","197000000000",144951,6.564272704,379
"213","CA332","GGCACACCCTTA","CCGGACTACHVGGGTWTCTAAT","K-AT-16-Q2","AT","Kanyawara","M",4,16.31,NA,"adult",NA,2,"20",16,"16Q1","108000000000",158655,6.756562101,360
"214","CA333","GACTCTGCTCAG","CCGGACTACHVGGGTWTCTAAT","K-ES-16-Q2","ES","Kanyawara","M",10,21.54,NA,"adult",NA,1,"11",16,"16Q1","21800000000",139198,5.274643878,266
"215","CA334","ACGTCTCAGTGC","CCGGACTACHVGGGTWTCTAAT","K-LK-16-Q2","LK","Kanyawara","M",15,32.6,NA,"adult",NA,1,"29",16,"16Q1","188000000000",174701,5.914403187,475
"216","CA336","CATGTCTTCCAT","CCGGACTACHVGGGTWTCTAAT","K-MX-16-Q2","MX","Kanyawara","M",21,18.02,NA,"adult",NA,1,"20",16,"16Q1","1210000000000",107868,7.036596644,409
"217","CA338","TCGTAAGCCGTC","CCGGACTACHVGGGTWTCTAAT","K-TT-16-Q2","TT","Kanyawara","M",40,15.19,NA,"adult",NA,1,"8",16,"16Q1","19700000000",125094,6.515632614,394
"218","CA339","ATGTAGGCTTAG","CCGGACTACHVGGGTWTCTAAT","K-YB-16-Q2","YB","Kanyawara","M",50,42.56,NA,"post-prime adult",NA,1,"12",16,"16Q1","1210000000000",149656,6.761560458,383
"219","CA340","GTCCAGCTATGA","CCGGACTACHVGGGTWTCTAAT","K-MX-16-Q3","MX","Kanyawara","M",21,18.36,NA,"adult",NA,5,"20",16,"16Q2","1590000000",112202,7.261913041,528
"220","CA342","CACAAAGCGATT","CCGGACTACHVGGGTWTCTAAT","K-AN-16-Q4","AN","Kanyawara","F",3,7.34,NA,"juvenile",NA,8,"29",16,"16Q3","185000000000",126155,7.140100333,579
"221","CA343","GTTACAGTTGGC","CCGGACTACHVGGGTWTCTAAT","K-AT-16-Q4","AT","Kanyawara","M",4,16.69,NA,"adult",NA,7,"7",16,"16Q3","426000000000",99513,6.925190322,415
"222","CA344","GGACTCAACTAA","CCGGACTACHVGGGTWTCTAAT","K-AZ-16-Q4","AZ","Kanyawara","M",5,11.62,NA,"adolescent",NA,8,"8",16,"16Q3","1020000000000",95548,5.001667907,287
"223","CA345","TGACGCCTCCAA","CCGGACTACHVGGGTWTCTAAT","K-BO-16-Q4","BO","Kanyawara","M",8,12.8,NA,"adolescent",NA,7,"29",16,"16Q3","181000000000",88108,5.74252574,226
"224","CA346","TGCTTCCAATTC","CCGGACTACHVGGGTWTCTAAT","K-BT-16-Q4","BT","Kanyawara","M",9,6.05,NA,"juvenile",NA,7,"11",16,"16Q3","9270000000",76559,7.036064842,464
"225","CA347","TCGCGCAACTGT","CCGGACTACHVGGGTWTCTAAT","K-ES-16-Q4","ES","Kanyawara","M",10,22.03,NA,"adult",NA,7,"7",16,"16Q3","4800000000",118217,6.215302037,415
"226","CA349","AGGTCATCTTGG","CCGGACTACHVGGGTWTCTAAT","K-MN-16-Q4","MN","Kanyawara","M",20,7.67,NA,"juvenile",NA,8,"29",16,"16Q3","110000000000",102365,6.972710837,473
"227","CA351","ATACGGGTTCGT","CCGGACTACHVGGGTWTCTAAT","K-TJ-16-Q4","TJ","Kanyawara","M",37,20.95,NA,"adult",NA,7,"21",16,"16Q3","28900000000",88410,6.84790238,411
"228","CA354","ATTCCTCTCCAC","CCGGACTACHVGGGTWTCTAAT","K-YB-16-Q4","YB","Kanyawara","M",50,43.3,NA,"post-prime adult",NA,10,"9",16,"16Q4","36800000000",107610,6.667114989,372
"229","CA355","TTATCCAGTCCT","CCGGACTACHVGGGTWTCTAAT","K-AT-16-Q5","AT","Kanyawara","M",4,16.93,NA,"adult",NA,10,"1",16,"16Q4","1180000000",100727,7.30779186,561
"230","CA357","GAAGATCTATCG","CCGGACTACHVGGGTWTCTAAT","N-BK-16-Q1","BOSKO","Ngogo","M",64,13.17,NA,"adolescent",NA,2,"28",16,"16Q1","682000000",64932,4.983385095,170
"231","CA358","TCTCGCACTGGA","CCGGACTACHVGGGTWTCTAAT","N-BT-16-Q1","BARTOK","Ngogo","M",57,43.27,NA,"post-prime adult",NA,3,"29",16,"16Q1","87000000000",106516,6.143169124,254
"232","CA359","CCTTTCACCTGT","CCGGACTACHVGGGTWTCTAAT","N-CH-16-Q1-1","CASH","Ngogo","M",70,23.21,NA,"adult",NA,3,"11",16,"16Q1","39100000000",122909,6.502709946,370
"233","CA360","GCTACTGGTATG","CCGGACTACHVGGGTWTCTAAT","N-CH-16-Q1-2","CASH","Ngogo","M",70,23.22,NA,"adult",NA,3,"16",16,"16Q1b","5670000000",127324,6.829440478,429
"234","CA364","GACGGAACAGAC","CCGGACTACHVGGGTWTCTAAT","N-WI-16-Q1","WILSON","Ngogo","M",123,16.31,NA,"adult",NA,3,"18",16,"16Q1","6530000",119035,6.073108185,282
"235","CA365","TTCTGGTCTTGT","CCGGACTACHVGGGTWTCTAAT","N-WS-16-Q1","WES","Ngogo","M",122,18.79,NA,"adult",NA,3,"11",16,"16Q1","NA",144427,6.331523257,273
"236","CA366","ATCAGCCAGCTC","CCGGACTACHVGGGTWTCTAAT","N-AB-16-Q2","ABRAMS","Ngogo","M",51,16.39,NA,"adult",NA,4,"19",16,"16Q2","NA",52645,6.465751806,368
"237","CA369","AGCACTTTGAGA","CCGGACTACHVGGGTWTCTAAT","N-BT-16-Q2","BARTOK","Ngogo","M",57,43.44,NA,"post-prime adult",NA,5,"29",16,"16Q2","23100000",82152,6.486200482,329
"238","CA370","GGCTCAGATTCC","CCGGACTACHVGGGTWTCTAAT","N-CH-16-Q2-1","CASH","Ngogo","M",70,23.32,NA,"adult",NA,4,"21",16,"16Q2","4680000",83045,6.976053829,470
"239","CA372","GTCCACTTGGAC","CCGGACTACHVGGGTWTCTAAT","N-EV-16-Q2","EVANS","Ngogo","M",76,20.32,NA,"adult",NA,4,"22",16,"16Q2","113000000",109772,6.633380186,328
"240","CA373","GCTCCACAACGT","CCGGACTACHVGGGTWTCTAAT","N-MO-16-Q2-1","MONK","Ngogo","M",101,44.41,NA,"post-prime adult",NA,5,"18",16,"16Q2","8950000",88845,6.760486846,490
"241","CA374","CCTGACACACAC","CCGGACTACHVGGGTWTCTAAT","N-MO-16-Q2-2","MONK","Ngogo","M",101,44.46,NA,"post-prime adult",NA,6,"6",16,"16Q2b","2010000",73068,5.989392044,379
"242","CA375","AGGTACGCAATT","CCGGACTACHVGGGTWTCTAAT","N-MT-16-Q2-1","MORTON","Ngogo","M",102,32.28,NA,"adult",NA,4,"3",16,"16Q2","5040000000",93082,6.957726527,431
"243","CA377","GAAGAGGGTTGA","CCGGACTACHVGGGTWTCTAAT","N-WS-16-Q2-1","WES","Ngogo","M",122,18.87,NA,"adult",NA,4,"8",16,"16Q2","41000000",82461,6.817438071,344
"244","CA379","CAGCGTTTAGCC","CCGGACTACHVGGGTWTCTAAT","N-BT-16-Q3-1","BARTOK","Ngogo","M",57,43.53,NA,"post-prime adult",NA,7,"1",16,"16Q3","12600000",79464,6.463791006,316
"245","CA380","GTCCCTATTATC","CCGGACTACHVGGGTWTCTAAT","N-CA-16-Q3","Callas","Ngogo","M",67,30.8,NA,"adult",NA,9,"11",16,"16Q3","807000",107939,6.641518825,399
"246","CA381","ACTAGTTGGACC","CCGGACTACHVGGGTWTCTAAT","N-CH-16-Q3","CASH","Ngogo","M",70,23.57,NA,"adult",NA,7,"23",16,"16Q3","19300000",107524,6.391799964,508
"247","CA382","GTGCTGCGCTTA","CCGGACTACHVGGGTWTCTAAT","N-CP-16-Q3","CHOPIN","Ngogo","M",74,15.56,NA,"adult",NA,7,"21",16,"16Q3","87600000",121067,6.767782357,423
"248","CA383","AGTAGACTTACG","CCGGACTACHVGGGTWTCTAAT","N-EV-16-Q3","EVANS","Ngogo","M",76,20.52,NA,"adult",NA,7,"2",16,"16Q3","19900000",128355,6.665652529,353
"249","CA385","GGTATGGCTACT","CCGGACTACHVGGGTWTCTAAT","N-WS-16-Q3","WES","Ngogo","M",122,19.11,NA,"adult",NA,7,"5",16,"16Q3","550000000",113631,6.855673418,436
"250","CA386","TGGGACATATCC","CCGGACTACHVGGGTWTCTAAT","N-AB-16-Q4","ABRAMS","Ngogo","M",51,16.88,NA,"adult",NA,10,"12",16,"16Q4","147000000",121433,6.647296136,455
"251","CA190003","TACCGCTTCTTC","CCGGACTACHVGGGTWTCTAAT","N_BB_Q3_18","BILLYBRAGG","Ngogo","M",131,13.59,NA,"adolescent","8/3/18",8,"3",18,"18Q3","306000000",252671,6.977155854,540
"252","CA190004","ACTTGGTGTAAG","CCGGACTACHVGGGTWTCTAAT","N_SE_Q3_18","SHIRE","Ngogo","F",115,22.54,NA,"adult","7/12/18",7,"12",18,"18Q3","295000000",220896,6.564865992,404
"253","CA190006","AGTAGCGGAAGA","CCGGACTACHVGGGTWTCTAAT","N_BU_Q3_18","BUCKNER","Ngogo","M",132,18.62,NA,"adult","8/12/18",8,"12",18,"18Q3","767000000",148011,6.862820418,464
"254","CA190008","GTATTTCGGACG","CCGGACTACHVGGGTWTCTAAT","N_ZA_Q3_18","ZAWINUL","Ngogo","M",180,7.79,NA,"juvenile","9/23/18",9,"23",18,"18Q3","340000000",148938,6.621266851,364
"255","CA190011","TTAGAGCCATGC","CCGGACTACHVGGGTWTCTAAT","N_RB_Q3_18","RICHBERGL","Ngogo","M",169,7.66,NA,"juvenile","8/3/18",8,"3",18,"18Q3","886000000",78034,6.919219076,415
"256","CA190016","TCGTGCGTGTTG","CCGGACTACHVGGGTWTCTAAT","N_SL_Q3_18","SALOMEN","Ngogo","F",172,6.31,NA,"juvenile","9/22/18",9,"22",18,"18Q3","662000000",185983,6.708693849,386
"257","CA190018","GTGCAACCAATC","CCGGACTACHVGGGTWTCTAAT","N_RU_Q3_18","RUTH","Ngogo","F",110,16.55,NA,"adult","9/23/18",9,"23",18,"18Q3","625000000",138695,6.744704437,390
"258","CA190019","TGTGCGATAACA","CCGGACTACHVGGGTWTCTAAT","N_WI_Q3_18","WILSON","Ngogo","M",123,18.6,NA,"adult","7/2/18",7,"2",18,"18Q3","1210000000",172411,6.741715101,457
"259","CA190020","GCGACAATTACA","CCGGACTACHVGGGTWTCTAAT","N_AMN_Q3_18","AMINA","Ngogo","F",125,6.56,NA,"juvenile","7/10/18",7,"10",18,"18Q3","1360000000",248325,6.83406472,569
"260","CA190021","GCAATTAGGTAC","CCGGACTACHVGGGTWTCTAAT","N_HU_Q3_18","HUTCHERSON","Ngogo","M",149,24.55,NA,"adult","7/15/18",7,"15",18,"18Q3","738000000",233581,6.952200164,552
"261","CA190022","ACCCAAGCGTTA","CCGGACTACHVGGGTWTCTAAT","N_AB_Q3_18","ABRAMS","Ngogo","M",51,18.69,NA,"adult","8/4/18",8,"4",18,"18Q3","1150000000",212670,6.347549377,330
"262","CA190024","TGAACCCTATGG","CCGGACTACHVGGGTWTCTAAT","N_YO_Q3_18","YOYO","Ngogo","M",179,12.64,NA,"adolescent","8/20/18",8,"20",18,"18Q3","849000000",255451,7.00005227,573
"263","CA190027","TCTGCACTGAGC","CCGGACTACHVGGGTWTCTAAT","N_SH_Q3_18","SARAH","Ngogo","F",113,41.73,NA,"post-prime adult","9/22/18",9,"22",18,"18Q3","1730000000",221506,7.001016492,495
"264","CA190028","GCTTGAGCTTGA","CCGGACTACHVGGGTWTCTAAT","N_MI_Q3_18","MILES","Ngogo","M",155,37.52,NA,"post-prime adult","7/2/18",7,"2",18,"18Q3","1280000000",312813,5.906052493,407
"265","CA190029","GATTATCGACGA","CCGGACTACHVGGGTWTCTAAT","N_JY_Q3_18","JOYA","Ngogo","F",151,6.89,NA,"juvenile","7/5/18",7,"5",18,"18Q3","1590000000",280099,7.471783563,626
"266","CA190036","GACATTGTCACG","CCGGACTACHVGGGTWTCTAAT","N_RS_Q3_18","RUSALKA","Ngogo","F",109,28.64,NA,"adult","8/17/18",8,"17",18,"18Q3","2680000000",137243,6.447962299,411
"267","CA190042","TGCAGCAAGATT","CCGGACTACHVGGGTWTCTAAT","N_LY_Q3_18","LUCY","Ngogo","F",97,22.66,NA,"adult","9/6/18",9,"6",18,"18Q3","1440000000",227045,7.176462769,532
"268","CA190045","GGATCGTAATAC","CCGGACTACHVGGGTWTCTAAT","N_BO_Q3_18","BOOKER","Ngogo","M",63,16.45,NA,"adult","9/24/18",9,"24",18,"18Q3","2630000000",290708,6.772056615,490
"269","CA190046","GAAACATCCCAC","CCGGACTACHVGGGTWTCTAAT","N_CT_Q3_18","CARTER","Ngogo","M",69,28.51,NA,"adult","7/2/18",7,"2",18,"18Q3","NA",279581,6.377832964,531
"270","CA190054","CGCAGATTAGTA","CCGGACTACHVGGGTWTCTAAT","N_DM_Q3_18","DAMIEN","Ngogo","M",134,12.21,NA,"adolescent","9/14/18",9,"14",18,"18Q3","NA",305514,7.128675576,520
"271","CA190055","CGCTGTGGATTA","CCGGACTACHVGGGTWTCTAAT","N_NL_Q3_18","NELSON","Ngogo","M",159,11.53,NA,"adolescent","7/10/18",7,"10",18,"18Q3","1570000000",278909,7.02729527,551
"272","CA190057","GCCTAGCCCAAT","CCGGACTACHVGGGTWTCTAAT","N_AM_Q3_8","AMELIA","Ngogo","F",52,23.86,NA,"adult","7/28/18",7,"28",18,"18Q3","2410000000",204576,6.551543552,422
"273","CA190066","ATGTGTGTAGAC","CCGGACTACHVGGGTWTCTAAT","N_RNT_Q3_18","RENATA","Ngogo","F",168,14.43,NA,"adolescent","8/3/18",8,"3",18,"18Q3","3350000000",263473,6.803205442,495
"274","CA190069","TGCCGTATGCCA","CCGGACTACHVGGGTWTCTAAT","N_MT_Q3_18","MORTON","Ngogo","M",102,34.72,NA,"adult","9/10/18",9,"10",18,"18Q3","2120000000",220857,6.265484237,387
"275","CA190070","GTAAATTCAGGC","CCGGACTACHVGGGTWTCTAAT","N_RN_Q3_18","RENEE","Ngogo","F",108,26.69,NA,"adult","9/12/18",9,"12",18,"18Q3","1680000000",236035,7.106858349,515
"276","CA190071","TGGGTCCCACAT","CCGGACTACHVGGGTWTCTAAT","N_BC_Q3_18","BACALL","Ngogo","F",128,26.47,NA,"adult","9/14/18",9,"14",18,"18Q3","2950000000",262554,6.654664447,467
"277","CA190075","CTGTCAGTGACC","CCGGACTACHVGGGTWTCTAAT","N_FS_Q3_18","FISHER","Ngogo","F",139,14.58,NA,"adolescent","7/22/18",7,"22",18,"18Q3","2660000000",320735,6.779004784,456
"278","CA190076","TTGATCCGGTAG","CCGGACTACHVGGGTWTCTAAT","N_EV_Q3_18","EVANS","Ngogo","M",76,22.75,NA,"adult","9/24/18",9,"24",18,"18Q3","1590000000",230713,6.883154363,401
"279","CA190078","TGTAAGACTTGG","CCGGACTACHVGGGTWTCTAAT","N_MT_Q3_18","MORTON","Ngogo","M",102,34.8,NA,"adult","10/10/18",10,"10",18,"18Q3","4730000000",263272,6.206901315,324
"280","CA190079","TCTTGGAGGTCA","CCGGACTACHVGGGTWTCTAAT","N_EJ_Q4_18","ELTON","Ngogo","M",138,13.83,NA,"adolescent","10/29/18",10,"29",18,"18Q4","3230000000",256919,6.911196111,500
"281","CA190080","TATCTATCCTGC","CCGGACTACHVGGGTWTCTAAT","N_ZL_Q4_18","PENELOPE","Ngogo","F",105,27.87,NA,"adult","11/2/18",11,"2",18,"18Q4","5180000000",258094,6.157744361,459
"282","CA190081","GCCAACAACCAT","CCGGACTACHVGGGTWTCTAAT","N_BF_Q4_18","BROWNFACE","Ngogo","M",66,52.96,NA,"post-prime adult","12/6/18",12,"6",18,"18Q4","2350000000",197959,6.144300284,368
"283","CA190092","GTGTTAGATGTG","CCGGACTACHVGGGTWTCTAAT","N_CT_Q3_18","CARTER","Ngogo","M",69,28.77,NA,"adult","10/4/18",10,"4",18,"18Q3","16700000000",268795,6.757354692,504
"284","CA190093","TCAGTTCTCGTT","CCGGACTACHVGGGTWTCTAAT","N_FM_Q3_18","FREDDIE","Ngogo","M",141,10.44,NA,"adolescent","10/8/18",10,"8",18,"18Q3","6290000000",244156,6.933963446,522
"285","CA190094","CGCTACAACTCG","CCGGACTACHVGGGTWTCTAAT","N_JA_Q3_18","JACKSON","Ngogo","M",150,27.79,NA,"adult","10/10/18",10,"10",18,"18Q3","8590000000",286675,6.466579584,397
"286","CA190095","GTCACGGACATT","CCGGACTACHVGGGTWTCTAAT","N_VL_Q3_18","VIOLETTA","Ngogo","F",121,37.76,NA,"post-prime adult","10/12/18",10,"12",18,"18Q3","5710000000",110952,6.365878126,346
"287","CA190097","GTCGAATTTGCG","CCGGACTACHVGGGTWTCTAAT","N_LV_Q4_18","LOVANO","Ngogo","M",152,18.91,NA,"adult","10/25/18",10,"25",18,"18Q4","9920000000",185080,7.447380544,517
"288","CA190098","AGGGTGACTTTA","CCGGACTACHVGGGTWTCTAAT","N_BX_Q4_18","BRONTE","Ngogo","F",65,16.72,NA,"adult","10/29/18",10,"29",18,"18Q4","9850000000",229921,6.136164269,378
"289","CA190099","CGTAGGTAGAGG","CCGGACTACHVGGGTWTCTAAT","N_BL_Q4_18","BARTOLI","Ngogo","F",58,34.93,NA,"adult","11/19/18",11,"19",18,"18Q4","3860000000",236275,5.873858672,273
"290","CA190100","TTCTGAGAGGTA","CCGGACTACHVGGGTWTCTAAT","N_HN_Q4_18","HOLLAND","Ngogo","M",148,8.25,NA,"juvenile","10/18/18",10,"18",18,"18Q4","10600000000",299296,7.085413072,476
"291","CA190134","CTTAGGCATGTG","CCGGACTACHVGGGTWTCTAAT","N_BT_Q4_18","BARTOK","Ngogo","M",57,45.94,NA,"post-prime adult","11/27/18",11,"27",18,"18Q4","18200000000",226836,6.033216378,286
"292","CA190142","CCAGATATAGCA","CCGGACTACHVGGGTWTCTAAT","N_BU_Q4_18","BUCKNER","Ngogo","M",132,18.86,NA,"adult","11/7/18",11,"7",18,"18Q4","33300000000",296780,5.312117149,327
"293","CA190144","ACCTTACACCTT","CCGGACTACHVGGGTWTCTAAT","N_RI_Q4_18","RICHMOND","Ngogo","M",170,31.96,NA,"adult","12/10/18",12,"10",18,"18Q4","13800000000",250615,6.826222229,456
"294","CA190145","CGAGCTGTTACC","CCGGACTACHVGGGTWTCTAAT","N_GA_Q3_18","GARRISON","Ngogo","M",144,41.79,NA,"post-prime adult","10/8/18",10,"8",18,"18Q3","31100000000",315571,6.330901573,451
"295","CA190151","GATCTCTGGGTA","CCGGACTACHVGGGTWTCTAAT","N_BO_Q4_18","BOOKER","Ngogo","M",63,16.63,NA,"adult","11/28/18",11,"28",18,"18Q4","19500000000",306754,6.831051741,390
"296","CA190152","GTAGGTGCTTAC","CCGGACTACHVGGGTWTCTAAT","N_SH_Q4_18","SARAH","Ngogo","F",113,41.93,NA,"post-prime adult","12/3/18",12,"3",18,"18Q4","22600000000",385521,6.089500577,271
"297","CA190153","CAACACATGCTG","CCGGACTACHVGGGTWTCTAAT","N_DJ_Q4_18","GARRETT","Ngogo","M",143,29.96,NA,"adult","12/9/18",12,"9",18,"18Q4","46400000000",199582,6.112870334,269
"298","CA190156","AGGTGAGTTCTA","CCGGACTACHVGGGTWTCTAAT","N_LY_Q3_18","LUCY","Ngogo","F",97,22.75,NA,"adult","10/10/18",10,"10",18,"18Q3","45400000000",180280,5.930657643,322
"299","CA190159","CATCATACGGGT","CCGGACTACHVGGGTWTCTAAT","N_AVA_Q4_18","AVA","Ngogo","F",127,9.43,NA,"juvenile","11/12/18",11,"12",18,"18Q4","43800000000",187204,6.71078345,424
"300","CA190160","CGCATTTGGATG","CCGGACTACHVGGGTWTCTAAT","N_FI_Q4_18","FIONA","Ngogo","F",77,21.91,NA,"adult","12/4/18",12,"4",18,"18Q4","71800000000",247527,6.537003452,428
"301","CA190161","ATTCTCTCACGT","CCGGACTACHVGGGTWTCTAAT","N_BR_Q4_18","BARRON","Ngogo","M",124,17.87,NA,"adult","12/8/18",12,"8",18,"18Q4","50400000000",86714,6.777847183,352
"302","CA190162","GTTCGGTGTCCA","CCGGACTACHVGGGTWTCTAAT","N_BF_Q4_18","BROWNFACE","Ngogo","M",66,52.97,NA,"post-prime adult","12/9/18",12,"9",18,"18Q4","48700000000",127939,6.524781932,314
"303","CA190163","GTAATGCGTAAC","CCGGACTACHVGGGTWTCTAAT","N_BU_Q2_18","BUCKNER","Ngogo","M",132,18.47,NA,"adult","6/16/18",6,"16",18,"18Q2","226000000000",60538,5.094487187,252
"304","CA190164","CCTGTCCTATCT","CCGGACTACHVGGGTWTCTAAT","N_PN_Q2_18","HALLE","Ngogo","F",82,31.5,NA,"adult","6/17/18",6,"17",18,"18Q2","267000000000",106778,6.583341279,425
"305","CA190165","ACCGTGCTCACA","CCGGACTACHVGGGTWTCTAAT","N_FI_Q2_18","FIONA","Ngogo","F",77,21.45,NA,"adult","6/20/18",6,"20",18,"18Q2","104000000000",132326,6.960775428,513
"306","CA190166","ACGTGTAGGCTT","CCGGACTACHVGGGTWTCTAAT","N_FA_Q2_18","FRIDA","Ngogo","F",142,9.39,NA,"juvenile","6/21/18",6,"21",18,"18Q2","254000000000",161501,5.982781074,422
"307","CA190167","TACGGATTATGG","CCGGACTACHVGGGTWTCTAAT","N_JA_Q2_18","JACKSON","Ngogo","M",150,27.49,NA,"adult","6/21/18",6,"21",18,"18Q2","136000000000",131645,6.163064258,322
"308","CA190168","ATAACATGTGCG","CCGGACTACHVGGGTWTCTAAT","N_CT_Q2_18","CARTER","Ngogo","M",69,28.48,NA,"adult","6/21/18",6,"21",18,"18Q2","149000000000",974216,6.276015026,542
"309","CA190169","CGACTCTAAACG","CCGGACTACHVGGGTWTCTAAT","N_JY_Q2_18","JOYA","Ngogo","F",151,6.87,NA,"juvenile","6/25/18",6,"25",18,"18Q2","143000000000",264650,6.419062751,547
"310","CA190171","GTCGCCGTACAT","CCGGACTACHVGGGTWTCTAAT","N_ZL_Q2_18","PENELOPE","Ngogo","F",105,27.52,NA,"adult","6/28/18",6,"28",18,"18Q2","160000000000",205194,6.145134031,408
"311","CA190172","GGTTTAACACGC","CCGGACTACHVGGGTWTCTAAT","N_DM_Q2_18","DAMIEN","Ngogo","M",134,11.97,NA,"adolescent","6/16/18",6,"16",18,"18Q2","517000000000",211790,6.825346308,526
"312","CA190173","CTCCCTTTGTGT","CCGGACTACHVGGGTWTCTAAT","N_WN_Q2_18","WAYNE","Ngogo","M",177,22.48,NA,"adult","6/18/18",6,"18",18,"18Q2","260000000000",242816,7.046902349,613
"313","CA190174","GGTCTCCTACAG","CCGGACTACHVGGGTWTCTAAT","N_RU_Q2_18","RUTH","Ngogo","F",110,16.29,NA,"adult","6/21/18",6,"21",18,"18Q2","683000000000",178276,6.354023068,483
"314","CA190175","ATAGCGAACTCA","CCGGACTACHVGGGTWTCTAAT","N_VL_Q2_18","VIOLETTA","Ngogo","F",121,37.45,NA,"post-prime adult","6/21/18",6,"21",18,"18Q2","617000000000",171758,6.971082746,546
"315","CA190176","CTTGAGAAATCG","CCGGACTACHVGGGTWTCTAAT","N_LT_Q2_18","LITA","Ngogo","F",95,50.53,NA,"post-prime adult","6/22/18",6,"22",18,"18Q2","488000000000",190130,7.125651766,515
"316","CA190180","AGACAGTAGGAG","CCGGACTACHVGGGTWTCTAAT","N_GS_Q2_18","GUS","Ngogo","M",145,11.41,NA,"adolescent","6/29/18",6,"29",18,"18Q2","113000000",152615,7.019034166,493
"317","CA190183","TAACGCTGTGTG","CCGGACTACHVGGGTWTCTAAT","N_BF_Q2_18","BROWNFACE","Ngogo","M",66,52.49,NA,"post-prime adult","6/17/18",6,"17",18,"18Q2","825000000",196191,4.814790848,291
"318","CA190184","CTACACAGCACA","CCGGACTACHVGGGTWTCTAAT","N_MI_Q2_18","MILES","Ngogo","M",155,37.49,NA,"post-prime adult","6/20/18",6,"20",18,"18Q2","1300000000",243389,6.5154708,501
"319","CA190186","TTCTCCATCACA","CCGGACTACHVGGGTWTCTAAT","N_RN_Q2_18","RENEE","Ngogo","F",108,26.46,NA,"adult","6/23/18",6,"23",18,"18Q2","134000000000",171200,6.97286401,543
"320","CA190187","CACCCGATGGTT","CCGGACTACHVGGGTWTCTAAT","N_WS_Q2_18","WES","Ngogo","M",122,21.07,NA,"adult","6/23/18",6,"23",18,"18Q2","19400000000",152269,6.760574186,422
"321","CA190189","CCTTGACCGATG","CCGGACTACHVGGGTWTCTAAT","N_MT_Q2_18","MORTON","Ngogo","M",102,34.5,NA,"adult","6/24/18",6,"24",18,"18Q2","10100000000",214295,6.2577922,552
"322","CA190190","GATGCTGCCGTT","CCGGACTACHVGGGTWTCTAAT","N_BCH_Q2_18","BACH","Ngogo","M",129,9.55,NA,"juvenile","6/18/18",6,"18",18,"18Q2","66500000000",230615,6.924330895,483
"323","CA190191","AACCAAACTCGA","CCGGACTACHVGGGTWTCTAAT","N_GA_Q2_18","GARRISON","Ngogo","M",144,41.49,NA,"post-prime adult","6/18/18",6,"18",18,"18Q2","NA",222202,6.756759574,518
"324","CA190195","ATAATTGCCGAG","CCGGACTACHVGGGTWTCTAAT","N_EV_Q2_18","EVANS","Ngogo","M",76,22.49,NA,"adult","6/20/18",6,"20",18,"18Q2","6450000000",122437,6.694301484,410
"325","CA190196","GAGATCGCCTAT","CCGGACTACHVGGGTWTCTAAT","N_CA_Q2_18","CALLAS","Ngogo","F",67,32.55,NA,"adult","6/21/18",6,"21",18,"18Q2","68200000000",142727,6.798545502,531
"326","CA190197","ATAGGCTGTAGT","CCGGACTACHVGGGTWTCTAAT","N_SUH_Q2_18","SUSANNA","Ngogo","F",174,8.15,NA,"juvenile","6/22/18",6,"22",18,"18Q2","449000000000",175374,6.19123694,378
"327","CA190199","AACCGATGTACC","CCGGACTACHVGGGTWTCTAAT","K_AT_18_Q3","AT","Kanyawara","M",4,18.69,NA,"adult","7/6/18",7,"6",18,"18Q3","468000000",208358,6.226405615,337
"328","CA190201","GATCATTCTCTC","CCGGACTACHVGGGTWTCTAAT","K_WZ_18_Q3","WZ","Kanyawara","M",49,6.18,NA,"juvenile","7/24/18",7,"24",18,"18Q3","7780000000",224032,7.290481409,606
"329","CA190210","TGTATCTTCACC","CCGGACTACHVGGGTWTCTAAT","K_LN_18_Q3","LN","Kanyawara","F",17,22.93,NA,"adult","7/16/18",7,"16",18,"18Q3","378000000",214919,6.31164284,364
"330","CA190211","AGGCACAGTAGG","CCGGACTACHVGGGTWTCTAAT","K_TT_18_Q3","TT","Kanyawara","M",40,17.73,NA,"adult","7/22/18",7,"22",18,"18Q3","41900000",159751,7.356595501,543
"331","CA190216","GAGTACAGTCTA","CCGGACTACHVGGGTWTCTAAT","K_ML_18_Q3","ML","Kanyawara","F",18,22.66,NA,"adult","9/8/18",9,"8",18,"18Q3","101000000000",195611,6.386308419,392
"332","CA190219","CTACTTACATCC","CCGGACTACHVGGGTWTCTAAT","K_WL_18_Q3","WL","Kanyawara","F",47,25.71,NA,"adult","7/5/18",7,"5",18,"18Q3","7830000000",184973,6.133316425,341
"333","CA190220","ACGGCGTTATGT","CCGGACTACHVGGGTWTCTAAT","K_TG_18_Q3","TG","Kanyawara","F",36,38.16,NA,"post-prime adult","7/5/18",7,"5",18,"18Q3","6100000",212481,6.14234338,356
"334","CA190221","GTTTCCGTGGTG","CCGGACTACHVGGGTWTCTAAT","K_LK_18_Q3","LK","Kanyawara","M",15,35.07,NA,"adult","7/20/18",7,"20",18,"18Q3","3670000000",143950,6.186100489,448
"335","CA190222","ATATGACCCAGC","CCGGACTACHVGGGTWTCTAAT","K_WA_18_Q3","WA","Kanyawara","F",43,26.66,NA,"adult","7/24/18",7,"24",18,"18Q3","4860000000",192816,7.362497373,575
"336","CA190224","CCTACATGAGAC","CCGGACTACHVGGGTWTCTAAT","K_PO_18_Q3","PO","Kanyawara","F",32,20.5,NA,"adult","8/28/18",8,"28",18,"18Q3","7800000000",258467,7.330357532,507
"337","CA190226","TCGTGGATAGCT","CCGGACTACHVGGGTWTCTAAT","K_AL_18_Q3","AL","Kanyawara","F",2,37.24,NA,"post-prime adult","7/10/18",7,"10",18,"18Q3","3190000000",194031,7.008395555,542
"338","CA190227","CTCTTCTGATCA","CCGGACTACHVGGGTWTCTAAT","K_AN_18_Q3","AN","Kanyawara","F",3,9.2,NA,"juvenile","7/10/18",7,"10",18,"18Q3","8580000000",180711,7.080669879,551
"339","CA190228","ACTTTGCTTTGC","CCGGACTACHVGGGTWTCTAAT","K_QV_18_Q3","QV","Kanyawara",NA,167,9.96,NA,"adolescent","7/17/18",7,"17",18,"18Q3","16500000000",212910,6.405072435,461
"340","CA190230","CTCTATTCCACC","CCGGACTACHVGGGTWTCTAAT","K_BO_18_Q3","BO","Kanyawara","M",8,14.81,NA,"adolescent","7/31/18",7,"31",18,"18Q3","12600000",263448,5.289669673,302
"341","CA190231","CACACAAAGTCA","CCGGACTACHVGGGTWTCTAAT","K_UM_18_Q3","UM","Kanyawara","F",41,35.62,NA,"adult","8/5/18",8,"5",18,"18Q3","20100000000",202461,7.267812061,590
"342","CA190233","CCAGACCGCTAT","CCGGACTACHVGGGTWTCTAAT","K_OTB_18_Q3","OB","Kanyawara","M",24,6.57,NA,"juvenile","8/14/18",8,"14",18,"18Q3","10100000000",172132,7.082935203,466
"343","CA190234","GACGCACTAACT","CCGGACTACHVGGGTWTCTAAT","K_MM_18_Q3","MM","Kanyawara","F",19,6.64,NA,"juvenile","9/8/18",9,"8",18,"18Q3","218000000000",162943,6.346269736,354
"344","CA190235","ATGCTAACCACG","CCGGACTACHVGGGTWTCTAAT","K_PO_18_Q2","PO","Kanyawara","F",32,20.32,NA,"adult","6/25/18",6,"25",18,"18Q2","6630000000",156208,7.138178571,515
"345","CA190236","CAAAGCGGTATT","CCGGACTACHVGGGTWTCTAAT","K_UM_18_Q2","UM","Kanyawara","F",41,35.52,NA,"adult","6/27/18",6,"27",18,"18Q2","34600000000",200513,6.631573046,504
"346","CA190238","ATTGAGTGAGTC","CCGGACTACHVGGGTWTCTAAT","K_QT_18_Q3","QT","Kanyawara","F",34,26.09,NA,"adult","7/17/18",7,"17",18,"18Q3","67700000",145789,5.239396681,387
"347","CA190239","GCCAAGGATAGG","CCGGACTACHVGGGTWTCTAAT","K_OL_18_Q3","OL","Kanyawara","F",26,9.4,NA,"juvenile","7/22/18",7,"22",18,"18Q3","8430000",231361,7.122981834,577
"348","CA190241","AGCTCTAGAAAC","CCGGACTACHVGGGTWTCTAAT","K_WE_18_Q3","WE","Kanyawara","F",46,11.12,NA,"adolescent","7/24/18",7,"24",18,"18Q3","955000000",208045,7.270094494,600
"349","CA190242","GGCGATTTACGT","CCGGACTACHVGGGTWTCTAAT","K_FS_18_Q3","FS","Kanyawara","F",12,14.57,NA,"adolescent","8/28/18",8,"28",18,"18Q3","4000000000",171254,6.343944307,417
"350","CA190244","CGAAACTACGTA","CCGGACTACHVGGGTWTCTAAT","K_WC_18_Q3","WC","Kanyawara","M",45,9.93,NA,"juvenile","7/5/18",7,"5",18,"18Q3","49100000000",238708,5.346931364,327
"351","CA190245","TATGAACGTCCG","CCGGACTACHVGGGTWTCTAAT","K_PB_18_Q3","PB","Kanyawara","M",31,23.47,NA,"adult","7/6/18",7,"6",18,"18Q3","3510000000",236014,6.855220003,435
"352","CA190246","TTATGGTACGGA","CCGGACTACHVGGGTWTCTAAT","K_AZ_18_Q3","AZ","Kanyawara","M",5,13.53,NA,"adolescent","7/6/18",7,"6",18,"18Q3","24500000000",296546,6.851468851,414
"353","CA190249","TCCATCGACGTG","CCGGACTACHVGGGTWTCTAAT","K_OT_18_Q3","OT","Kanyawara","F",29,20.51,NA,"adult","8/14/18",8,"14",18,"18Q3","17700000000",282176,6.970964231,568
"354","CA190253","CCACATTGGGTC","CCGGACTACHVGGGTWTCTAAT","K_OL_18_Q4","OL","Kanyawara","F",26,9.61,NA,"juvenile","10/7/18",10,"7",18,"18Q4","27500000000",229826,6.761885159,462
"355","CA190255","GCAACCGATTGT","CCGGACTACHVGGGTWTCTAAT","K_NP_18_Q4","NP","Kanyawara","F",22,18.72,NA,"adult","10/23/18",10,"23",18,"18Q4","1470000000",198354,6.981576447,463
"356","CA190256","TTCTCATGGAGG","CCGGACTACHVGGGTWTCTAAT","K_PO_18_Q4","PO","Kanyawara","F",32,20.66,NA,"adult","10/25/18",10,"25",18,"18Q4","5620000000",179838,6.610569003,390
"357","CA190257","CGATGTGTGGTT","CCGGACTACHVGGGTWTCTAAT","K_ML_18_Q4","ML","Kanyawara","F",18,22.79,NA,"adult","10/28/18",10,"28",18,"18Q4","8670000000",159567,5.788530611,261
"358","CA190258","ACCCATACAGCC","CCGGACTACHVGGGTWTCTAAT","K_BT_18_Q4","BT","Kanyawara","M",9,8.38,NA,"juvenile","11/10/18",11,"10",18,"18Q4","18200000000",159453,7.20882922,517
"359","CA190259","GTACTGAAGATC","CCGGACTACHVGGGTWTCTAAT","K_YB_18_Q4","YB","Kanyawara","M",50,45.4,NA,"post-prime adult","11/15/18",11,"15",18,"18Q4","90500000",175083,6.1793545,327
"360","CA190260","AATAGCATGTCG","CCGGACTACHVGGGTWTCTAAT","K_LN_18_Q4","LN","Kanyawara","F",17,23.27,NA,"adult","11/19/18",11,"19",18,"18Q4","2100000000",284745,5.991304399,273
"361","CA190262","CAGATTAACCAG","CCGGACTACHVGGGTWTCTAAT","K_LK_18_Q4","LK","Kanyawara","M",15,35.29,NA,"adult","10/6/18",10,"6",18,"18Q4","49500000000",145226,6.869278119,523
"362","CA190264","CATAGTGATTGG","CCGGACTACHVGGGTWTCTAAT","K_WZ_18_Q4","WZ","Kanyawara","M",49,6.43,NA,"juvenile","10/23/18",10,"23",18,"18Q4","18900000000",101343,6.600298338,368
"363","CA190266","CGCACTACGCAT","CCGGACTACHVGGGTWTCTAAT","K_MN_18_Q4","MN","Kanyawara","M",20,9.84,NA,"juvenile","10/26/18",10,"26",18,"18Q4","1760000000",235608,6.504368826,419
"364","CA190272","GCTATCAAGACA","CCGGACTACHVGGGTWTCTAAT","K_UM_18_Q4","UM","Kanyawara","F",41,35.83,NA,"adult","10/21/18",10,"21",18,"18Q4","6790000000",252136,7.36878801,606
"365","CA190274","CAGTCGTTAAGA","CCGGACTACHVGGGTWTCTAAT","K_DL_18_Q4","DL","Kanyawara","F",11,15.83,NA,"adolescent","11/1/18",11,"1",18,"18Q4","3400000000",222439,7.131318914,537
"366","CA190276","CTGTGTCCATGG","CCGGACTACHVGGGTWTCTAAT","K_OM_18_-Q4","OM","Kanyawara","F",27,13.4,NA,"adolescent","11/14/18",11,"14",18,"18Q4","11000000000",242035,6.777585446,468
"367","CA190278","TTGGTAAAGTGC","CCGGACTACHVGGGTWTCTAAT","K_LL_18_Q4","LL","Kanyawara","F",16,6.08,NA,"juvenile","12/20/18",12,"20",18,"18Q4","3910000000",279641,6.620711978,340
"368","CA190279","ACCTGTCCTTTC","CCGGACTACHVGGGTWTCTAAT","K_JU_18_Q4","JU","Kanyawara","F",14,15.04,NA,"adolescent","10/28/18",10,"28",18,"18Q4","24900000000",315879,6.560680535,446
"369","CA190283","CTTCCAACTCAT","CCGGACTACHVGGGTWTCTAAT","K_WE_18_Q4","WE","Kanyawara","F",46,11.41,NA,"adolescent","11/7/18",11,"7",18,"18Q4","2620000000",347368,7.17430085,534
"370","CA190286","AAGTGGCTATCC","CCGGACTACHVGGGTWTCTAAT","K_TT_18_Q4","TT","Kanyawara","M",40,18.09,NA,"adult","12/3/18",12,"3",18,"18Q4","10100000000",288685,6.651049654,486
"371","CA190289","CGTGCTTAGGCT","CCGGACTACHVGGGTWTCTAAT","K_AN_18_Q4","AN","Kanyawara","F",3,9.47,NA,"juvenile","10/16/18",10,"16",18,"18Q4","164000000",262516,6.831085236,497
"372","CA190290","GCTCTCCGTAGA","CCGGACTACHVGGGTWTCTAAT","K_AZ_18_Q4","AZ","Kanyawara","M",5,13.83,NA,"adolescent","10/25/18",10,"25",18,"18Q4","4750000000",281426,6.314193884,353
"373","CA190291","GTAGAGGTAGAG","CCGGACTACHVGGGTWTCTAAT","K_QV_18_Q4","QV","Kanyawara",NA,167,10.26,NA,"adolescent","11/5/18",11,"5",18,"18Q4","2770000000",294472,7.023845401,483
"374","CA190292","ACGCGAACTAAT","CCGGACTACHVGGGTWTCTAAT","K_QT_18_Q4","QT","Kanyawara","F",34,26.4,NA,"adult","11/5/18",11,"5",18,"18Q4","1730000000",278308,6.100150518,434
"375","CA190293","TGGCAAATCTAG","CCGGACTACHVGGGTWTCTAAT","K_OTB_18_Q4","OB","Kanyawara","M",24,6.82,NA,"juvenile","11/14/18",11,"14",18,"18Q4","3270000000",197168,6.208139533,409
"376","CA190297","TACCGAAGGTAT","CCGGACTACHVGGGTWTCTAAT","K_UN_18_Q4","UN","Kanyawara","M",42,14.11,NA,"adolescent","12/7/18",12,"7",18,"18Q4","2480000000",178283,6.953981955,498
"377","CA190298","GTTAAGCTGACC","CCGGACTACHVGGGTWTCTAAT","K_OT_18_Q4","OT","Kanyawara","F",29,20.65,NA,"adult","10/2/18",10,"2",18,"18Q4","7800000000",230381,6.527786563,528
"378","CA190299","CGTGATCCGCTA","CCGGACTACHVGGGTWTCTAAT","K_MM_18_Q4","MM","Kanyawara","F",19,6.75,NA,"juvenile","10/18/18",10,"18",18,"18Q4","1380000000",208383,6.408677565,352
"379","CA190300","AGCTATGTATGG","CCGGACTACHVGGGTWTCTAAT","K_BO_18_Q4","BO","Kanyawara","M",8,15.03,NA,"adolescent","10/21/18",10,"21",18,"18Q4","34300000000",251855,5.801583658,298
"380","CA190301","CACCTTACCTTA","CCGGACTACHVGGGTWTCTAAT","K_WC_18_Q4","WC","Kanyawara","M",45,10.24,NA,"adolescent","10/27/18",10,"27",18,"18Q4","8080000000",220208,6.363259514,402
